header,duration,octave,accent,sequence,codons,pitch,amino_acid_chord
Sequence1,0.125,4,accent,A,M,E4,E
Sequence1,0.125,4,,T,M,F#4,E
Sequence1,0.125,4,,G,M,B3,E
Sequence1,0.125,4,accent,G,G,D4,A-
Sequence1,0.125,4,,G,G,D4,A-
Sequence1,0.125,4,,T,G,B-3,A-
Sequence1,0.125,4,accent,C,R,C4,F#dim
Sequence1,0.125,4,,G,R,B3,F#dim
Sequence1,0.125,4,,C,R,C4,F#dim
Sequence1,0.125,4,accent,C,L,F#4,D
Sequence1,0.125,4,,T,L,E4,D
Sequence1,0.125,4,,G,L,B3,D
Sequence1,0.125,4,accent,C,R,C4,F#dim
Sequence1,0.125,4,,G,R,B3,F#dim
Sequence1,0.125,4,,T,R,A4,F#dim
Sequence1,0.125,4,accent,C,H,G4,C#dim
Sequence1,0.125,4,,A,H,C#4,C#dim
Sequence1,0.125,4,,C,H,G4,C#dim
Sequence1,0.125,4,accent,T,S,B3,Am
Sequence1,0.125,4,,C,S,C4,Am
Sequence1,0.125,4,,C,S,C4,Am
Sequence1,0.125,4,accent,C,Q,B4,G#m
Sequence1,0.125,4,,A,Q,G#4,G#m
Sequence1,0.125,4,,G,Q,D4,G#m
Sequence1,0.125,4,accent,G,V,D4,G
Sequence1,0.125,4,,T,V,A4,G
Sequence1,0.125,4,,G,V,D4,G
Sequence1,0.125,4,accent,C,R,C4,F#dim
Sequence1,0.125,4,,G,R,B3,F#dim
Sequence1,0.125,4,,T,R,A4,F#dim
Sequence1,0.125,4,accent,G,G,D4,A-
Sequence1,0.125,4,,G,G,D4,A-
Sequence1,0.125,4,,T,G,B-3,A-
Sequence1,0.125,4,accent,A,I,A4,A
Sequence1,0.125,4,,T,I,B3,A
Sequence1,0.125,4,,C,I,C#4,A
Sequence1,0.125,4,accent,T,S,B3,Am
Sequence1,0.125,4,,C,S,C4,Am
Sequence1,0.125,4,,C,S,C4,Am
Sequence1,0.125,4,accent,A,I,A4,A
Sequence1,0.125,4,,T,I,B3,A
Sequence1,0.125,4,,C,I,C#4,A
Sequence1,0.125,4,accent,A,K,B4,Bdim
Sequence1,0.125,4,,A,K,B4,Bdim
Sequence1,0.125,4,,G,K,B-3,Bdim
Sequence1,0.125,4,accent,C,L,F#4,D
Sequence1,0.125,4,,T,L,E4,D
Sequence1,0.125,4,,G,L,B3,D
Sequence1,0.125,4,accent,C,Q,B4,G#m
Sequence1,0.125,4,,A,Q,G#4,G#m
Sequence1,0.125,4,,G,Q,D4,G#m
Sequence1,0.125,4,accent,G,E,B3,Eaug
Sequence1,0.125,4,,A,E,E4,Eaug
Sequence1,0.125,4,,G,E,B3,Eaug
Sequence1,0.125,4,accent,G,E,B3,Eaug
Sequence1,0.125,4,,A,E,E4,Eaug
Sequence1,0.125,4,,G,E,B3,Eaug
Sequence1,0.125,4,accent,G,E,B3,Eaug
Sequence1,0.125,4,,A,E,E4,Eaug
Sequence1,0.125,4,,G,E,B3,Eaug
Sequence1,0.125,4,accent,C,R,C4,F#dim
Sequence1,0.125,4,,G,R,B3,F#dim
Sequence1,0.125,4,,T,R,A4,F#dim
Sequence1,0.125,4,accent,G,E,B3,Eaug
Sequence1,0.125,4,,A,E,E4,Eaug
Sequence1,0.125,4,,G,E,B3,Eaug
Sequence1,0.125,4,accent,C,R,C4,F#dim
Sequence1,0.125,4,,G,R,B3,F#dim
Sequence1,0.125,4,,T,R,A4,F#dim
Sequence1,0.125,4,accent,C,R,C4,F#dim
Sequence1,0.125,4,,G,R,B3,F#dim
Sequence1,0.125,4,,C,R,C4,F#dim
Sequence1,0.125,4,accent,G,D,B3,Daug
Sequence1,0.125,4,,A,D,D4,Daug
Sequence1,0.125,4,,C,D,A#4,Daug
Sequence1,0.125,4,accent,A,N,C#4,C#m
Sequence1,0.125,4,,A,N,C#4,C#m
Sequence1,0.125,4,,C,N,E4,C#m
Sequence1,0.125,4,accent,T,Y,G#4,F#m
Sequence1,0.125,4,,A,Y,F#4,F#m
Sequence1,0.125,4,,C,Y,A4,F#m
Sequence1,0.125,4,accent,G,V,D4,G
Sequence1,0.125,4,,T,V,A4,G
Sequence1,0.125,4,,C,V,B3,G
Sequence1,0.125,4,accent,C,P,F4,D-
Sequence1,0.125,4,,C,P,F4,D-
Sequence1,0.125,4,,G,P,B-3,D-
Sequence1,0.125,4,accent,G,A,B3,C
Sequence1,0.125,4,,C,A,E4,C
Sequence1,0.125,4,,C,A,E4,C
Sequence1,0.125,4,accent,G,V,D4,G
Sequence1,0.125,4,,T,V,A4,G
Sequence1,0.125,4,,C,V,B3,G
Sequence1,0.125,4,accent,T,S,B3,Am
Sequence1,0.125,4,,C,S,C4,Am
Sequence1,0.125,4,,C,S,C4,Am
Sequence1,0.125,4,accent,G,A,B3,C
Sequence1,0.125,4,,C,A,E4,C
Sequence1,0.125,4,,T,A,D4,C
Sequence1,0.125,4,accent,C,L,F#4,D
Sequence1,0.125,4,,T,L,E4,D
Sequence1,0.125,4,,G,L,B3,D
Sequence1,0.125,4,accent,G,E,B3,Eaug
Sequence1,0.125,4,,A,E,E4,Eaug
Sequence1,0.125,4,,G,E,B3,Eaug
Sequence1,0.125,4,accent,C,Q,B4,G#m
Sequence1,0.125,4,,A,Q,G#4,G#m
Sequence1,0.125,4,,G,Q,D4,G#m
Sequence1,0.125,4,accent,G,D,B3,Daug
Sequence1,0.125,4,,A,D,D4,Daug
Sequence1,0.125,4,,C,D,A#4,Daug
Sequence1,0.125,4,accent,A,I,A4,A
Sequence1,0.125,4,,T,I,B3,A
Sequence1,0.125,4,,C,I,C#4,A
Sequence1,0.125,4,accent,A,I,A4,A
Sequence1,0.125,4,,T,I,B3,A
Sequence1,0.125,4,,C,I,C#4,A
Sequence1,0.125,4,accent,G,E,B3,Eaug
Sequence1,0.125,4,,A,E,E4,Eaug
Sequence1,0.125,4,,G,E,B3,Eaug
Sequence1,0.125,4,accent,G,V,D4,G
Sequence1,0.125,4,,T,V,A4,G
Sequence1,0.125,4,,C,V,B3,G
Sequence1,0.125,4,accent,G,D,B3,Daug
Sequence1,0.125,4,,A,D,D4,Daug
Sequence1,0.125,4,,T,D,F#4,Daug
Sequence1,0.125,4,accent,G,A,B3,C
Sequence1,0.125,4,,C,A,E4,C
Sequence1,0.125,4,,C,A,E4,C
Sequence1,0.125,4,accent,G,D,B3,Daug
Sequence1,0.125,4,,A,D,D4,Daug
Sequence1,0.125,4,,C,D,A#4,Daug
Sequence1,0.125,4,accent,A,T,E4,Em
Sequence1,0.125,4,,C,T,G4,Em
Sequence1,0.125,4,,C,T,G4,Em
Sequence1,0.125,4,accent,A,K,B4,Bdim
Sequence1,0.125,4,,A,K,B4,Bdim
Sequence1,0.125,4,,G,K,B-3,Bdim
Sequence1,0.125,4,accent,G,E,B3,Eaug
Sequence1,0.125,4,,A,E,E4,Eaug
Sequence1,0.125,4,,G,E,B3,Eaug
Sequence1,0.125,4,accent,A,M,E4,E
Sequence1,0.125,4,,T,M,F#4,E
Sequence1,0.125,4,,G,M,B3,E
Sequence1,0.125,4,accent,T,L,E4,D
Sequence1,0.125,4,,T,L,E4,D
Sequence1,0.125,4,,G,L,B3,D
Sequence1,0.125,4,accent,A,K,B4,Bdim
Sequence1,0.125,4,,A,K,B4,Bdim
Sequence1,0.125,4,,G,K,B-3,Bdim
Sequence1,0.125,4,accent,C,L,F#4,D
Sequence1,0.125,4,,T,L,E4,D
Sequence1,0.125,4,,G,L,B3,D
Sequence1,0.125,4,accent,C,L,F#4,D
Sequence1,0.125,4,,T,L,E4,D
Sequence1,0.125,4,,G,L,B3,D
Sequence1,0.125,4,accent,G,D,B3,Daug
Sequence1,0.125,4,,A,D,D4,Daug
Sequence1,0.125,4,,C,D,A#4,Daug
Sequence1,0.125,4,accent,T,F,C#4,B
Sequence1,0.125,4,,T,F,C#4,B
Sequence1,0.125,4,,C,F,D#4,B
Sequence1,0.125,4,accent,C,H,G4,C#dim
Sequence1,0.125,4,,A,H,C#4,C#dim
Sequence1,0.125,4,,C,H,G4,C#dim
Sequence1,0.125,4,accent,A,N,C#4,C#m
Sequence1,0.125,4,,A,N,C#4,C#m
Sequence1,0.125,4,,C,N,E4,C#m
Sequence1,0.125,4,accent,A,I,A4,A
Sequence1,0.125,4,,T,I,B3,A
Sequence1,0.125,4,,C,I,C#4,A
Sequence1,0.125,4,accent,C,R,C4,F#dim
Sequence1,0.125,4,,G,R,B3,F#dim
Sequence1,0.125,4,,T,R,A4,F#dim
Sequence1,0.125,4,accent,G,G,D4,A-
Sequence1,0.125,4,,G,G,D4,A-
Sequence1,0.125,4,,A,G,A-4,A-
Sequence1,0.125,4,accent,C,L,F#4,D
Sequence1,0.125,4,,T,L,E4,D
Sequence1,0.125,4,,C,L,F#4,D
Sequence1,0.125,4,accent,C,Q,B4,G#m
Sequence1,0.125,4,,A,Q,G#4,G#m
Sequence1,0.125,4,,A,Q,G#4,G#m
Sequence1,0.125,4,accent,C,L,F#4,D
Sequence1,0.125,4,,T,L,E4,D
Sequence1,0.125,4,,C,L,F#4,D
Sequence1,0.125,4,accent,A,T,E4,Em
Sequence1,0.125,4,,C,T,G4,Em
Sequence1,0.125,4,,C,T,G4,Em
Sequence1,0.125,4,accent,A,N,C#4,C#m
Sequence1,0.125,4,,A,N,C#4,C#m
Sequence1,0.125,4,,C,N,E4,C#m
Sequence1,0.125,4,accent,C,P,F4,D-
Sequence1,0.125,4,,C,P,F4,D-
Sequence1,0.125,4,,C,P,F4,D-
Sequence1,0.125,4,accent,A,N,C#4,C#m
Sequence1,0.125,4,,A,N,C#4,C#m
Sequence1,0.125,4,,C,N,E4,C#m
Sequence1,0.125,4,accent,A,T,E4,Em
Sequence1,0.125,4,,C,T,G4,Em
Sequence1,0.125,4,,C,T,G4,Em
Sequence1,0.125,4,accent,A,N,C#4,C#m
Sequence1,0.125,4,,A,N,C#4,C#m
Sequence1,0.125,4,,C,N,E4,C#m
Sequence1,0.125,4,accent,A,N,C#4,C#m
Sequence1,0.125,4,,A,N,C#4,C#m
Sequence1,0.125,4,,C,N,E4,C#m
Sequence1,0.125,4,accent,T,F,C#4,B
Sequence1,0.125,4,,T,F,C#4,B
Sequence1,0.125,4,,T,F,C#4,B
Sequence1,0.125,4,accent,G,G,D4,A-
Sequence1,0.125,4,,G,G,D4,A-
Sequence1,0.125,4,,T,G,B-3,A-
Sequence1,0.125,4,accent,C,R,C4,F#dim
Sequence1,0.125,4,,G,R,B3,F#dim
Sequence1,0.125,4,,T,R,A4,F#dim
Sequence1,0.125,4,accent,C,R,C4,F#dim
Sequence1,0.125,4,,G,R,B3,F#dim
Sequence1,0.125,4,,C,R,C4,F#dim
Sequence1,0.125,4,accent,A,N,C#4,C#m
Sequence1,0.125,4,,A,N,C#4,C#m
Sequence1,0.125,4,,C,N,E4,C#m
Sequence1,0.125,4,accent,T,Stop,,
Sequence1,0.125,4,,A,Stop,,
Sequence1,0.125,4,,A,Stop,,
Sequence2,0.125,4,accent,A,M,E4,E
Sequence2,0.125,4,,T,M,F#4,E
Sequence2,0.125,4,,G,M,B3,E
Sequence2,0.125,4,accent,G,G,D4,A-
Sequence2,0.125,4,,G,G,D4,A-
Sequence2,0.125,4,,C,G,C4,A-
Sequence2,0.125,4,accent,C,R,C4,F#dim
Sequence2,0.125,4,,G,R,B3,F#dim
Sequence2,0.125,4,,C,R,C4,F#dim
Sequence2,0.125,4,accent,C,L,F#4,D
Sequence2,0.125,4,,T,L,E4,D
Sequence2,0.125,4,,G,L,B3,D
Sequence2,0.125,4,accent,C,R,C4,F#dim
Sequence2,0.125,4,,G,R,B3,F#dim
Sequence2,0.125,4,,T,R,A4,F#dim
Sequence2,0.125,4,accent,C,H,G4,C#dim
Sequence2,0.125,4,,A,H,C#4,C#dim
Sequence2,0.125,4,,C,H,G4,C#dim
Sequence2,0.125,4,accent,T,S,B3,Am
Sequence2,0.125,4,,C,S,C4,Am
Sequence2,0.125,4,,C,S,C4,Am
Sequence2,0.125,4,accent,C,Q,B4,G#m
Sequence2,0.125,4,,A,Q,G#4,G#m
Sequence2,0.125,4,,G,Q,D4,G#m
Sequence2,0.125,4,accent,G,V,D4,G
Sequence2,0.125,4,,T,V,A4,G
Sequence2,0.125,4,,G,V,D4,G
Sequence2,0.125,4,accent,C,R,C4,F#dim
Sequence2,0.125,4,,G,R,B3,F#dim
Sequence2,0.125,4,,T,R,A4,F#dim
Sequence2,0.125,4,accent,G,G,D4,A-
Sequence2,0.125,4,,G,G,D4,A-
Sequence2,0.125,4,,T,G,B-3,A-
Sequence2,0.125,4,accent,A,I,A4,A
Sequence2,0.125,4,,T,I,B3,A
Sequence2,0.125,4,,C,I,C#4,A
Sequence2,0.125,4,accent,T,S,B3,Am
Sequence2,0.125,4,,C,S,C4,Am
Sequence2,0.125,4,,C,S,C4,Am
Sequence2,0.125,4,accent,A,I,A4,A
Sequence2,0.125,4,,T,I,B3,A
Sequence2,0.125,4,,C,I,C#4,A
Sequence2,0.125,4,accent,A,K,B4,Bdim
Sequence2,0.125,4,,A,K,B4,Bdim
Sequence2,0.125,4,,G,K,B-3,Bdim
Sequence2,0.125,4,accent,T,L,E4,D
Sequence2,0.125,4,,T,L,E4,D
Sequence2,0.125,4,,G,L,B3,D
Sequence2,0.125,4,accent,C,Q,B4,G#m
Sequence2,0.125,4,,A,Q,G#4,G#m
Sequence2,0.125,4,,G,Q,D4,G#m
Sequence2,0.125,4,accent,G,E,B3,Eaug
Sequence2,0.125,4,,A,E,E4,Eaug
Sequence2,0.125,4,,G,E,B3,Eaug
Sequence2,0.125,4,accent,G,E,B3,Eaug
Sequence2,0.125,4,,A,E,E4,Eaug
Sequence2,0.125,4,,G,E,B3,Eaug
Sequence2,0.125,4,accent,G,E,B3,Eaug
Sequence2,0.125,4,,A,E,E4,Eaug
Sequence2,0.125,4,,G,E,B3,Eaug
Sequence2,0.125,4,accent,C,R,C4,F#dim
Sequence2,0.125,4,,G,R,B3,F#dim
Sequence2,0.125,4,,T,R,A4,F#dim
Sequence2,0.125,4,accent,G,E,B3,Eaug
Sequence2,0.125,4,,A,E,E4,Eaug
Sequence2,0.125,4,,G,E,B3,Eaug
Sequence2,0.125,4,accent,C,R,C4,F#dim
Sequence2,0.125,4,,G,R,B3,F#dim
Sequence2,0.125,4,,T,R,A4,F#dim
Sequence2,0.125,4,accent,C,R,C4,F#dim
Sequence2,0.125,4,,G,R,B3,F#dim
Sequence2,0.125,4,,T,R,A4,F#dim
Sequence2,0.125,4,accent,G,D,B3,Daug
Sequence2,0.125,4,,A,D,D4,Daug
Sequence2,0.125,4,,C,D,A#4,Daug
Sequence2,0.125,4,accent,A,N,C#4,C#m
Sequence2,0.125,4,,A,N,C#4,C#m
Sequence2,0.125,4,,C,N,E4,C#m
Sequence2,0.125,4,accent,T,Y,G#4,F#m
Sequence2,0.125,4,,A,Y,F#4,F#m
Sequence2,0.125,4,,C,Y,A4,F#m
Sequence2,0.125,4,accent,G,V,D4,G
Sequence2,0.125,4,,T,V,A4,G
Sequence2,0.125,4,,C,V,B3,G
Sequence2,0.125,4,accent,C,P,F4,D-
Sequence2,0.125,4,,C,P,F4,D-
Sequence2,0.125,4,,G,P,B-3,D-
Sequence2,0.125,4,accent,G,A,B3,C
Sequence2,0.125,4,,C,A,E4,C
Sequence2,0.125,4,,C,A,E4,C
Sequence2,0.125,4,accent,G,V,D4,G
Sequence2,0.125,4,,T,V,A4,G
Sequence2,0.125,4,,C,V,B3,G
Sequence2,0.125,4,accent,T,S,B3,Am
Sequence2,0.125,4,,C,S,C4,Am
Sequence2,0.125,4,,C,S,C4,Am
Sequence2,0.125,4,accent,G,A,B3,C
Sequence2,0.125,4,,C,A,E4,C
Sequence2,0.125,4,,T,A,D4,C
Sequence2,0.125,4,accent,C,L,F#4,D
Sequence2,0.125,4,,T,L,E4,D
Sequence2,0.125,4,,G,L,B3,D
Sequence2,0.125,4,accent,G,E,B3,Eaug
Sequence2,0.125,4,,A,E,E4,Eaug
Sequence2,0.125,4,,G,E,B3,Eaug
Sequence2,0.125,4,accent,C,Q,B4,G#m
Sequence2,0.125,4,,A,Q,G#4,G#m
Sequence2,0.125,4,,G,Q,D4,G#m
Sequence2,0.125,4,accent,G,D,B3,Daug
Sequence2,0.125,4,,A,D,D4,Daug
Sequence2,0.125,4,,C,D,A#4,Daug
Sequence2,0.125,4,accent,A,I,A4,A
Sequence2,0.125,4,,T,I,B3,A
Sequence2,0.125,4,,C,I,C#4,A
Sequence2,0.125,4,accent,A,I,A4,A
Sequence2,0.125,4,,T,I,B3,A
Sequence2,0.125,4,,C,I,C#4,A
Sequence2,0.125,4,accent,G,E,B3,Eaug
Sequence2,0.125,4,,A,E,E4,Eaug
Sequence2,0.125,4,,G,E,B3,Eaug
Sequence2,0.125,4,accent,G,V,D4,G
Sequence2,0.125,4,,T,V,A4,G
Sequence2,0.125,4,,C,V,B3,G
Sequence2,0.125,4,accent,G,D,B3,Daug
Sequence2,0.125,4,,A,D,D4,Daug
Sequence2,0.125,4,,C,D,A#4,Daug
Sequence2,0.125,4,accent,G,A,B3,C
Sequence2,0.125,4,,C,A,E4,C
Sequence2,0.125,4,,C,A,E4,C
Sequence2,0.125,4,accent,G,D,B3,Daug
Sequence2,0.125,4,,A,D,D4,Daug
Sequence2,0.125,4,,C,D,A#4,Daug
Sequence2,0.125,4,accent,A,T,E4,Em
Sequence2,0.125,4,,C,T,G4,Em
Sequence2,0.125,4,,C,T,G4,Em
Sequence2,0.125,4,accent,A,K,B4,Bdim
Sequence2,0.125,4,,A,K,B4,Bdim
Sequence2,0.125,4,,G,K,B-3,Bdim
Sequence2,0.125,4,accent,G,E,B3,Eaug
Sequence2,0.125,4,,A,E,E4,Eaug
Sequence2,0.125,4,,G,E,B3,Eaug
Sequence2,0.125,4,accent,A,M,E4,E
Sequence2,0.125,4,,T,M,F#4,E
Sequence2,0.125,4,,G,M,B3,E
Sequence2,0.125,4,accent,T,L,E4,D
Sequence2,0.125,4,,T,L,E4,D
Sequence2,0.125,4,,G,L,B3,D
Sequence2,0.125,4,accent,A,K,B4,Bdim
Sequence2,0.125,4,,A,K,B4,Bdim
Sequence2,0.125,4,,G,K,B-3,Bdim
Sequence2,0.125,4,accent,C,L,F#4,D
Sequence2,0.125,4,,T,L,E4,D
Sequence2,0.125,4,,T,L,E4,D
Sequence2,0.125,4,accent,C,L,F#4,D
Sequence2,0.125,4,,T,L,E4,D
Sequence2,0.125,4,,G,L,B3,D
Sequence2,0.125,4,accent,G,D,B3,Daug
Sequence2,0.125,4,,A,D,D4,Daug
Sequence2,0.125,4,,C,D,A#4,Daug
Sequence2,0.125,4,accent,T,F,C#4,B
Sequence2,0.125,4,,T,F,C#4,B
Sequence2,0.125,4,,C,F,D#4,B
Sequence2,0.125,4,accent,C,H,G4,C#dim
Sequence2,0.125,4,,A,H,C#4,C#dim
Sequence2,0.125,4,,C,H,G4,C#dim
Sequence2,0.125,4,accent,A,N,C#4,C#m
Sequence2,0.125,4,,A,N,C#4,C#m
Sequence2,0.125,4,,C,N,E4,C#m
Sequence2,0.125,4,accent,A,I,A4,A
Sequence2,0.125,4,,T,I,B3,A
Sequence2,0.125,4,,C,I,C#4,A
Sequence2,0.125,4,accent,C,R,C4,F#dim
Sequence2,0.125,4,,G,R,B3,F#dim
Sequence2,0.125,4,,T,R,A4,F#dim
Sequence2,0.125,4,accent,G,G,D4,A-
Sequence2,0.125,4,,G,G,D4,A-
Sequence2,0.125,4,,C,G,C4,A-
Sequence2,0.125,4,accent,C,L,F#4,D
Sequence2,0.125,4,,T,L,E4,D
Sequence2,0.125,4,,G,L,B3,D
Sequence2,0.125,4,accent,C,Q,B4,G#m
Sequence2,0.125,4,,A,Q,G#4,G#m
Sequence2,0.125,4,,G,Q,D4,G#m
Sequence2,0.125,4,accent,C,L,F#4,D
Sequence2,0.125,4,,T,L,E4,D
Sequence2,0.125,4,,C,L,F#4,D
Sequence2,0.125,4,accent,A,T,E4,Em
Sequence2,0.125,4,,C,T,G4,Em
Sequence2,0.125,4,,C,T,G4,Em
Sequence2,0.125,4,accent,C,Q,B4,G#m
Sequence2,0.125,4,,A,Q,G#4,G#m
Sequence2,0.125,4,,G,Q,D4,G#m
Sequence2,0.125,4,accent,C,P,F4,D-
Sequence2,0.125,4,,C,P,F4,D-
Sequence2,0.125,4,,C,P,F4,D-
Sequence2,0.125,4,accent,A,N,C#4,C#m
Sequence2,0.125,4,,A,N,C#4,C#m
Sequence2,0.125,4,,C,N,E4,C#m
Sequence2,0.125,4,accent,A,T,E4,Em
Sequence2,0.125,4,,C,T,G4,Em
Sequence2,0.125,4,,C,T,G4,Em
Sequence2,0.125,4,accent,A,N,C#4,C#m
Sequence2,0.125,4,,A,N,C#4,C#m
Sequence2,0.125,4,,C,N,E4,C#m
Sequence2,0.125,4,accent,A,N,C#4,C#m
Sequence2,0.125,4,,A,N,C#4,C#m
Sequence2,0.125,4,,C,N,E4,C#m
Sequence2,0.125,4,accent,T,F,C#4,B
Sequence2,0.125,4,,T,F,C#4,B
Sequence2,0.125,4,,T,F,C#4,B
Sequence2,0.125,4,accent,G,G,D4,A-
Sequence2,0.125,4,,G,G,D4,A-
Sequence2,0.125,4,,T,G,B-3,A-
Sequence2,0.125,4,accent,C,R,C4,F#dim
Sequence2,0.125,4,,G,R,B3,F#dim
Sequence2,0.125,4,,T,R,A4,F#dim
Sequence2,0.125,4,accent,C,R,C4,F#dim
Sequence2,0.125,4,,G,R,B3,F#dim
Sequence2,0.125,4,,C,R,C4,F#dim
Sequence2,0.125,4,accent,A,N,C#4,C#m
Sequence2,0.125,4,,A,N,C#4,C#m
Sequence2,0.125,4,,C,N,E4,C#m
Sequence2,0.125,4,accent,T,Stop,,
Sequence2,0.125,4,,A,Stop,,
Sequence2,0.125,4,,A,Stop,,
Sequence3,0.125,4,accent,A,M,E4,E
Sequence3,0.125,4,,T,M,F#4,E
Sequence3,0.125,4,,G,M,B3,E
Sequence3,0.125,4,accent,G,G,D4,A-
Sequence3,0.125,4,,G,G,D4,A-
Sequence3,0.125,4,,C,G,C4,A-
Sequence3,0.125,4,accent,C,R,C4,F#dim
Sequence3,0.125,4,,G,R,B3,F#dim
Sequence3,0.125,4,,T,R,A4,F#dim
Sequence3,0.125,4,accent,C,L,F#4,D
Sequence3,0.125,4,,T,L,E4,D
Sequence3,0.125,4,,G,L,B3,D
Sequence3,0.125,4,accent,C,R,C4,F#dim
Sequence3,0.125,4,,G,R,B3,F#dim
Sequence3,0.125,4,,T,R,A4,F#dim
Sequence3,0.125,4,accent,C,H,G4,C#dim
Sequence3,0.125,4,,A,H,C#4,C#dim
Sequence3,0.125,4,,C,H,G4,C#dim
Sequence3,0.125,4,accent,T,S,B3,Am
Sequence3,0.125,4,,C,S,C4,Am
Sequence3,0.125,4,,T,S,B3,Am
Sequence3,0.125,4,accent,C,Q,B4,G#m
Sequence3,0.125,4,,A,Q,G#4,G#m
Sequence3,0.125,4,,G,Q,D4,G#m
Sequence3,0.125,4,accent,G,V,D4,G
Sequence3,0.125,4,,T,V,A4,G
Sequence3,0.125,4,,G,V,D4,G
Sequence3,0.125,4,accent,C,R,C4,F#dim
Sequence3,0.125,4,,G,R,B3,F#dim
Sequence3,0.125,4,,T,R,A4,F#dim
Sequence3,0.125,4,accent,G,G,D4,A-
Sequence3,0.125,4,,G,G,D4,A-
Sequence3,0.125,4,,T,G,B-3,A-
Sequence3,0.125,4,accent,A,I,A4,A
Sequence3,0.125,4,,T,I,B3,A
Sequence3,0.125,4,,T,I,B3,A
Sequence3,0.125,4,accent,T,S,B3,Am
Sequence3,0.125,4,,C,S,C4,Am
Sequence3,0.125,4,,C,S,C4,Am
Sequence3,0.125,4,accent,A,I,A4,A
Sequence3,0.125,4,,T,I,B3,A
Sequence3,0.125,4,,T,I,B3,A
Sequence3,0.125,4,accent,A,K,B4,Bdim
Sequence3,0.125,4,,A,K,B4,Bdim
Sequence3,0.125,4,,G,K,B-3,Bdim
Sequence3,0.125,4,accent,C,L,F#4,D
Sequence3,0.125,4,,T,L,E4,D
Sequence3,0.125,4,,G,L,B3,D
Sequence3,0.125,4,accent,C,Q,B4,G#m
Sequence3,0.125,4,,A,Q,G#4,G#m
Sequence3,0.125,4,,G,Q,D4,G#m
Sequence3,0.125,4,accent,G,E,B3,Eaug
Sequence3,0.125,4,,A,E,E4,Eaug
Sequence3,0.125,4,,G,E,B3,Eaug
Sequence3,0.125,4,accent,G,E,B3,Eaug
Sequence3,0.125,4,,A,E,E4,Eaug
Sequence3,0.125,4,,G,E,B3,Eaug
Sequence3,0.125,4,accent,G,E,B3,Eaug
Sequence3,0.125,4,,A,E,E4,Eaug
Sequence3,0.125,4,,G,E,B3,Eaug
Sequence3,0.125,4,accent,C,R,C4,F#dim
Sequence3,0.125,4,,G,R,B3,F#dim
Sequence3,0.125,4,,C,R,C4,F#dim
Sequence3,0.125,4,accent,G,E,B3,Eaug
Sequence3,0.125,4,,A,E,E4,Eaug
Sequence3,0.125,4,,G,E,B3,Eaug
Sequence3,0.125,4,accent,C,R,C4,F#dim
Sequence3,0.125,4,,G,R,B3,F#dim
Sequence3,0.125,4,,T,R,A4,F#dim
Sequence3,0.125,4,accent,C,R,C4,F#dim
Sequence3,0.125,4,,G,R,B3,F#dim
Sequence3,0.125,4,,T,R,A4,F#dim
Sequence3,0.125,4,accent,G,D,B3,Daug
Sequence3,0.125,4,,A,D,D4,Daug
Sequence3,0.125,4,,T,D,F#4,Daug
Sequence3,0.125,4,accent,A,N,C#4,C#m
Sequence3,0.125,4,,A,N,C#4,C#m
Sequence3,0.125,4,,C,N,E4,C#m
Sequence3,0.125,4,accent,T,Y,G#4,F#m
Sequence3,0.125,4,,A,Y,F#4,F#m
Sequence3,0.125,4,,C,Y,A4,F#m
Sequence3,0.125,4,accent,G,V,D4,G
Sequence3,0.125,4,,T,V,A4,G
Sequence3,0.125,4,,G,V,D4,G
Sequence3,0.125,4,accent,C,P,F4,D-
Sequence3,0.125,4,,C,P,F4,D-
Sequence3,0.125,4,,C,P,F4,D-
Sequence3,0.125,4,accent,G,A,B3,C
Sequence3,0.125,4,,C,A,E4,C
Sequence3,0.125,4,,T,A,D4,C
Sequence3,0.125,4,accent,G,V,D4,G
Sequence3,0.125,4,,T,V,A4,G
Sequence3,0.125,4,,C,V,B3,G
Sequence3,0.125,4,accent,T,S,B3,Am
Sequence3,0.125,4,,C,S,C4,Am
Sequence3,0.125,4,,G,S,D4,Am
Sequence3,0.125,4,accent,G,A,B3,C
Sequence3,0.125,4,,C,A,E4,C
Sequence3,0.125,4,,T,A,D4,C
Sequence3,0.125,4,accent,C,L,F#4,D
Sequence3,0.125,4,,T,L,E4,D
Sequence3,0.125,4,,G,L,B3,D
Sequence3,0.125,4,accent,G,E,B3,Eaug
Sequence3,0.125,4,,A,E,E4,Eaug
Sequence3,0.125,4,,G,E,B3,Eaug
Sequence3,0.125,4,accent,C,Q,B4,G#m
Sequence3,0.125,4,,A,Q,G#4,G#m
Sequence3,0.125,4,,G,Q,D4,G#m
Sequence3,0.125,4,accent,G,D,B3,Daug
Sequence3,0.125,4,,A,D,D4,Daug
Sequence3,0.125,4,,C,D,A#4,Daug
Sequence3,0.125,4,accent,A,I,A4,A
Sequence3,0.125,4,,T,I,B3,A
Sequence3,0.125,4,,C,I,C#4,A
Sequence3,0.125,4,accent,A,I,A4,A
Sequence3,0.125,4,,T,I,B3,A
Sequence3,0.125,4,,T,I,B3,A
Sequence3,0.125,4,accent,G,E,B3,Eaug
Sequence3,0.125,4,,A,E,E4,Eaug
Sequence3,0.125,4,,G,E,B3,Eaug
Sequence3,0.125,4,accent,G,V,D4,G
Sequence3,0.125,4,,T,V,A4,G
Sequence3,0.125,4,,C,V,B3,G
Sequence3,0.125,4,accent,G,D,B3,Daug
Sequence3,0.125,4,,A,D,D4,Daug
Sequence3,0.125,4,,T,D,F#4,Daug
Sequence3,0.125,4,accent,G,A,B3,C
Sequence3,0.125,4,,C,A,E4,C
Sequence3,0.125,4,,C,A,E4,C
Sequence3,0.125,4,accent,G,D,B3,Daug
Sequence3,0.125,4,,A,D,D4,Daug
Sequence3,0.125,4,,T,D,F#4,Daug
Sequence3,0.125,4,accent,A,T,E4,Em
Sequence3,0.125,4,,C,T,G4,Em
Sequence3,0.125,4,,C,T,G4,Em
Sequence3,0.125,4,accent,A,K,B4,Bdim
Sequence3,0.125,4,,A,K,B4,Bdim
Sequence3,0.125,4,,G,K,B-3,Bdim
Sequence3,0.125,4,accent,G,E,B3,Eaug
Sequence3,0.125,4,,A,E,E4,Eaug
Sequence3,0.125,4,,G,E,B3,Eaug
Sequence3,0.125,4,accent,A,M,E4,E
Sequence3,0.125,4,,T,M,F#4,E
Sequence3,0.125,4,,G,M,B3,E
Sequence3,0.125,4,accent,T,L,E4,D
Sequence3,0.125,4,,T,L,E4,D
Sequence3,0.125,4,,G,L,B3,D
Sequence3,0.125,4,accent,A,K,B4,Bdim
Sequence3,0.125,4,,A,K,B4,Bdim
Sequence3,0.125,4,,G,K,B-3,Bdim
Sequence3,0.125,4,accent,C,L,F#4,D
Sequence3,0.125,4,,T,L,E4,D
Sequence3,0.125,4,,G,L,B3,D
Sequence3,0.125,4,accent,T,L,E4,D
Sequence3,0.125,4,,T,L,E4,D
Sequence3,0.125,4,,G,L,B3,D
Sequence3,0.125,4,accent,G,D,B3,Daug
Sequence3,0.125,4,,A,D,D4,Daug
Sequence3,0.125,4,,C,D,A#4,Daug
Sequence3,0.125,4,accent,T,F,C#4,B
Sequence3,0.125,4,,T,F,C#4,B
Sequence3,0.125,4,,C,F,D#4,B
Sequence3,0.125,4,accent,C,H,G4,C#dim
Sequence3,0.125,4,,A,H,C#4,C#dim
Sequence3,0.125,4,,C,H,G4,C#dim
Sequence3,0.125,4,accent,A,N,C#4,C#m
Sequence3,0.125,4,,A,N,C#4,C#m
Sequence3,0.125,4,,C,N,E4,C#m
Sequence3,0.125,4,accent,A,I,A4,A
Sequence3,0.125,4,,T,I,B3,A
Sequence3,0.125,4,,T,I,B3,A
Sequence3,0.125,4,accent,C,R,C4,F#dim
Sequence3,0.125,4,,G,R,B3,F#dim
Sequence3,0.125,4,,T,R,A4,F#dim
Sequence3,0.125,4,accent,G,G,D4,A-
Sequence3,0.125,4,,G,G,D4,A-
Sequence3,0.125,4,,C,G,C4,A-
Sequence3,0.125,4,accent,C,L,F#4,D
Sequence3,0.125,4,,T,L,E4,D
Sequence3,0.125,4,,G,L,B3,D
Sequence3,0.125,4,accent,C,Q,B4,G#m
Sequence3,0.125,4,,A,Q,G#4,G#m
Sequence3,0.125,4,,G,Q,D4,G#m
Sequence3,0.125,4,accent,C,L,F#4,D
Sequence3,0.125,4,,T,L,E4,D
Sequence3,0.125,4,,G,L,B3,D
Sequence3,0.125,4,accent,A,T,E4,Em
Sequence3,0.125,4,,C,T,G4,Em
Sequence3,0.125,4,,C,T,G4,Em
Sequence3,0.125,4,accent,C,Q,B4,G#m
Sequence3,0.125,4,,A,Q,G#4,G#m
Sequence3,0.125,4,,G,Q,D4,G#m
Sequence3,0.125,4,accent,C,P,F4,D-
Sequence3,0.125,4,,C,P,F4,D-
Sequence3,0.125,4,,C,P,F4,D-
Sequence3,0.125,4,accent,A,N,C#4,C#m
Sequence3,0.125,4,,A,N,C#4,C#m
Sequence3,0.125,4,,C,N,E4,C#m
Sequence3,0.125,4,accent,A,T,E4,Em
Sequence3,0.125,4,,C,T,G4,Em
Sequence3,0.125,4,,C,T,G4,Em
Sequence3,0.125,4,accent,A,N,C#4,C#m
Sequence3,0.125,4,,A,N,C#4,C#m
Sequence3,0.125,4,,C,N,E4,C#m
Sequence3,0.125,4,accent,A,N,C#4,C#m
Sequence3,0.125,4,,A,N,C#4,C#m
Sequence3,0.125,4,,C,N,E4,C#m
Sequence3,0.125,4,accent,T,F,C#4,B
Sequence3,0.125,4,,T,F,C#4,B
Sequence3,0.125,4,,T,F,C#4,B
Sequence3,0.125,4,accent,G,G,D4,A-
Sequence3,0.125,4,,G,G,D4,A-
Sequence3,0.125,4,,A,G,A-4,A-
Sequence3,0.125,4,accent,C,R,C4,F#dim
Sequence3,0.125,4,,G,R,B3,F#dim
Sequence3,0.125,4,,T,R,A4,F#dim
Sequence3,0.125,4,accent,C,R,C4,F#dim
Sequence3,0.125,4,,G,R,B3,F#dim
Sequence3,0.125,4,,C,R,C4,F#dim
Sequence3,0.125,4,accent,A,N,C#4,C#m
Sequence3,0.125,4,,A,N,C#4,C#m
Sequence3,0.125,4,,T,N,D#4,C#m
Sequence3,0.125,4,accent,T,Stop,,
Sequence3,0.125,4,,A,Stop,,
Sequence3,0.125,4,,G,Stop,,
Sequence4,0.125,4,accent,A,M,E4,E
Sequence4,0.125,4,,T,M,F#4,E
Sequence4,0.125,4,,G,M,B3,E
Sequence4,0.125,4,accent,G,G,D4,A-
Sequence4,0.125,4,,G,G,D4,A-
Sequence4,0.125,4,,C,G,C4,A-
Sequence4,0.125,4,accent,C,R,C4,F#dim
Sequence4,0.125,4,,G,R,B3,F#dim
Sequence4,0.125,4,,T,R,A4,F#dim
Sequence4,0.125,4,accent,C,L,F#4,D
Sequence4,0.125,4,,T,L,E4,D
Sequence4,0.125,4,,T,L,E4,D
Sequence4,0.125,4,accent,C,R,C4,F#dim
Sequence4,0.125,4,,G,R,B3,F#dim
Sequence4,0.125,4,,T,R,A4,F#dim
Sequence4,0.125,4,accent,C,H,G4,C#dim
Sequence4,0.125,4,,A,H,C#4,C#dim
Sequence4,0.125,4,,C,H,G4,C#dim
Sequence4,0.125,4,accent,T,S,B3,Am
Sequence4,0.125,4,,C,S,C4,Am
Sequence4,0.125,4,,C,S,C4,Am
Sequence4,0.125,4,accent,C,Q,B4,G#m
Sequence4,0.125,4,,A,Q,G#4,G#m
Sequence4,0.125,4,,G,Q,D4,G#m
Sequence4,0.125,4,accent,G,V,D4,G
Sequence4,0.125,4,,T,V,A4,G
Sequence4,0.125,4,,G,V,D4,G
Sequence4,0.125,4,accent,C,R,C4,F#dim
Sequence4,0.125,4,,G,R,B3,F#dim
Sequence4,0.125,4,,T,R,A4,F#dim
Sequence4,0.125,4,accent,G,G,D4,A-
Sequence4,0.125,4,,G,G,D4,A-
Sequence4,0.125,4,,T,G,B-3,A-
Sequence4,0.125,4,accent,A,I,A4,A
Sequence4,0.125,4,,T,I,B3,A
Sequence4,0.125,4,,T,I,B3,A
Sequence4,0.125,4,accent,T,S,B3,Am
Sequence4,0.125,4,,C,S,C4,Am
Sequence4,0.125,4,,C,S,C4,Am
Sequence4,0.125,4,accent,A,I,A4,A
Sequence4,0.125,4,,T,I,B3,A
Sequence4,0.125,4,,C,I,C#4,A
Sequence4,0.125,4,accent,A,K,B4,Bdim
Sequence4,0.125,4,,A,K,B4,Bdim
Sequence4,0.125,4,,G,K,B-3,Bdim
Sequence4,0.125,4,accent,C,L,F#4,D
Sequence4,0.125,4,,T,L,E4,D
Sequence4,0.125,4,,G,L,B3,D
Sequence4,0.125,4,accent,C,Q,B4,G#m
Sequence4,0.125,4,,A,Q,G#4,G#m
Sequence4,0.125,4,,G,Q,D4,G#m
Sequence4,0.125,4,accent,G,E,B3,Eaug
Sequence4,0.125,4,,A,E,E4,Eaug
Sequence4,0.125,4,,G,E,B3,Eaug
Sequence4,0.125,4,accent,G,E,B3,Eaug
Sequence4,0.125,4,,A,E,E4,Eaug
Sequence4,0.125,4,,G,E,B3,Eaug
Sequence4,0.125,4,accent,G,E,B3,Eaug
Sequence4,0.125,4,,A,E,E4,Eaug
Sequence4,0.125,4,,G,E,B3,Eaug
Sequence4,0.125,4,accent,C,R,C4,F#dim
Sequence4,0.125,4,,G,R,B3,F#dim
Sequence4,0.125,4,,T,R,A4,F#dim
Sequence4,0.125,4,accent,G,E,B3,Eaug
Sequence4,0.125,4,,A,E,E4,Eaug
Sequence4,0.125,4,,G,E,B3,Eaug
Sequence4,0.125,4,accent,C,R,C4,F#dim
Sequence4,0.125,4,,G,R,B3,F#dim
Sequence4,0.125,4,,T,R,A4,F#dim
Sequence4,0.125,4,accent,C,R,C4,F#dim
Sequence4,0.125,4,,G,R,B3,F#dim
Sequence4,0.125,4,,C,R,C4,F#dim
Sequence4,0.125,4,accent,G,D,B3,Daug
Sequence4,0.125,4,,A,D,D4,Daug
Sequence4,0.125,4,,C,D,A#4,Daug
Sequence4,0.125,4,accent,A,N,C#4,C#m
Sequence4,0.125,4,,A,N,C#4,C#m
Sequence4,0.125,4,,C,N,E4,C#m
Sequence4,0.125,4,accent,T,Y,G#4,F#m
Sequence4,0.125,4,,A,Y,F#4,F#m
Sequence4,0.125,4,,C,Y,A4,F#m
Sequence4,0.125,4,accent,G,V,D4,G
Sequence4,0.125,4,,T,V,A4,G
Sequence4,0.125,4,,C,V,B3,G
Sequence4,0.125,4,accent,C,P,F4,D-
Sequence4,0.125,4,,C,P,F4,D-
Sequence4,0.125,4,,A,P,D-4,D-
Sequence4,0.125,4,accent,G,A,B3,C
Sequence4,0.125,4,,C,A,E4,C
Sequence4,0.125,4,,C,A,E4,C
Sequence4,0.125,4,accent,G,V,D4,G
Sequence4,0.125,4,,T,V,A4,G
Sequence4,0.125,4,,G,V,D4,G
Sequence4,0.125,4,accent,T,S,B3,Am
Sequence4,0.125,4,,C,S,C4,Am
Sequence4,0.125,4,,C,S,C4,Am
Sequence4,0.125,4,accent,G,A,B3,C
Sequence4,0.125,4,,C,A,E4,C
Sequence4,0.125,4,,C,A,E4,C
Sequence4,0.125,4,accent,C,L,F#4,D
Sequence4,0.125,4,,T,L,E4,D
Sequence4,0.125,4,,G,L,B3,D
Sequence4,0.125,4,accent,G,E,B3,Eaug
Sequence4,0.125,4,,A,E,E4,Eaug
Sequence4,0.125,4,,G,E,B3,Eaug
Sequence4,0.125,4,accent,C,Q,B4,G#m
Sequence4,0.125,4,,A,Q,G#4,G#m
Sequence4,0.125,4,,A,Q,G#4,G#m
Sequence4,0.125,4,accent,G,D,B3,Daug
Sequence4,0.125,4,,A,D,D4,Daug
Sequence4,0.125,4,,C,D,A#4,Daug
Sequence4,0.125,4,accent,A,I,A4,A
Sequence4,0.125,4,,T,I,B3,A
Sequence4,0.125,4,,C,I,C#4,A
Sequence4,0.125,4,accent,A,I,A4,A
Sequence4,0.125,4,,T,I,B3,A
Sequence4,0.125,4,,C,I,C#4,A
Sequence4,0.125,4,accent,G,E,B3,Eaug
Sequence4,0.125,4,,A,E,E4,Eaug
Sequence4,0.125,4,,G,E,B3,Eaug
Sequence4,0.125,4,accent,G,V,D4,G
Sequence4,0.125,4,,T,V,A4,G
Sequence4,0.125,4,,C,V,B3,G
Sequence4,0.125,4,accent,G,D,B3,Daug
Sequence4,0.125,4,,A,D,D4,Daug
Sequence4,0.125,4,,T,D,F#4,Daug
Sequence4,0.125,4,accent,C,P,F4,D-
Sequence4,0.125,4,,C,P,F4,D-
Sequence4,0.125,4,,C,P,F4,D-
Sequence4,0.125,4,accent,G,D,B3,Daug
Sequence4,0.125,4,,A,D,D4,Daug
Sequence4,0.125,4,,C,D,A#4,Daug
Sequence4,0.125,4,accent,A,T,E4,Em
Sequence4,0.125,4,,C,T,G4,Em
Sequence4,0.125,4,,C,T,G4,Em
Sequence4,0.125,4,accent,A,K,B4,Bdim
Sequence4,0.125,4,,A,K,B4,Bdim
Sequence4,0.125,4,,G,K,B-3,Bdim
Sequence4,0.125,4,accent,G,E,B3,Eaug
Sequence4,0.125,4,,A,E,E4,Eaug
Sequence4,0.125,4,,G,E,B3,Eaug
Sequence4,0.125,4,accent,A,M,E4,E
Sequence4,0.125,4,,T,M,F#4,E
Sequence4,0.125,4,,G,M,B3,E
Sequence4,0.125,4,accent,T,L,E4,D
Sequence4,0.125,4,,T,L,E4,D
Sequence4,0.125,4,,G,L,B3,D
Sequence4,0.125,4,accent,A,K,B4,Bdim
Sequence4,0.125,4,,A,K,B4,Bdim
Sequence4,0.125,4,,G,K,B-3,Bdim
Sequence4,0.125,4,accent,C,L,F#4,D
Sequence4,0.125,4,,T,L,E4,D
Sequence4,0.125,4,,G,L,B3,D
Sequence4,0.125,4,accent,T,L,E4,D
Sequence4,0.125,4,,T,L,E4,D
Sequence4,0.125,4,,G,L,B3,D
Sequence4,0.125,4,accent,G,D,B3,Daug
Sequence4,0.125,4,,A,D,D4,Daug
Sequence4,0.125,4,,C,D,A#4,Daug
Sequence4,0.125,4,accent,T,F,C#4,B
Sequence4,0.125,4,,T,F,C#4,B
Sequence4,0.125,4,,C,F,D#4,B
Sequence4,0.125,4,accent,C,H,G4,C#dim
Sequence4,0.125,4,,A,H,C#4,C#dim
Sequence4,0.125,4,,C,H,G4,C#dim
Sequence4,0.125,4,accent,A,N,C#4,C#m
Sequence4,0.125,4,,A,N,C#4,C#m
Sequence4,0.125,4,,C,N,E4,C#m
Sequence4,0.125,4,accent,A,I,A4,A
Sequence4,0.125,4,,T,I,B3,A
Sequence4,0.125,4,,C,I,C#4,A
Sequence4,0.125,4,accent,C,R,C4,F#dim
Sequence4,0.125,4,,G,R,B3,F#dim
Sequence4,0.125,4,,T,R,A4,F#dim
Sequence4,0.125,4,accent,G,G,D4,A-
Sequence4,0.125,4,,G,G,D4,A-
Sequence4,0.125,4,,T,G,B-3,A-
Sequence4,0.125,4,accent,C,L,F#4,D
Sequence4,0.125,4,,T,L,E4,D
Sequence4,0.125,4,,C,L,F#4,D
Sequence4,0.125,4,accent,C,Q,B4,G#m
Sequence4,0.125,4,,A,Q,G#4,G#m
Sequence4,0.125,4,,G,Q,D4,G#m
Sequence4,0.125,4,accent,C,L,F#4,D
Sequence4,0.125,4,,T,L,E4,D
Sequence4,0.125,4,,C,L,F#4,D
Sequence4,0.125,4,accent,A,T,E4,Em
Sequence4,0.125,4,,C,T,G4,Em
Sequence4,0.125,4,,C,T,G4,Em
Sequence4,0.125,4,accent,C,Q,B4,G#m
Sequence4,0.125,4,,A,Q,G#4,G#m
Sequence4,0.125,4,,G,Q,D4,G#m
Sequence4,0.125,4,accent,C,P,F4,D-
Sequence4,0.125,4,,C,P,F4,D-
Sequence4,0.125,4,,C,P,F4,D-
Sequence4,0.125,4,accent,A,N,C#4,C#m
Sequence4,0.125,4,,A,N,C#4,C#m
Sequence4,0.125,4,,C,N,E4,C#m
Sequence4,0.125,4,accent,A,T,E4,Em
Sequence4,0.125,4,,C,T,G4,Em
Sequence4,0.125,4,,C,T,G4,Em
Sequence4,0.125,4,accent,A,N,C#4,C#m
Sequence4,0.125,4,,A,N,C#4,C#m
Sequence4,0.125,4,,C,N,E4,C#m
Sequence4,0.125,4,accent,A,N,C#4,C#m
Sequence4,0.125,4,,A,N,C#4,C#m
Sequence4,0.125,4,,C,N,E4,C#m
Sequence4,0.125,4,accent,T,F,C#4,B
Sequence4,0.125,4,,T,F,C#4,B
Sequence4,0.125,4,,T,F,C#4,B
Sequence4,0.125,4,accent,G,G,D4,A-
Sequence4,0.125,4,,G,G,D4,A-
Sequence4,0.125,4,,T,G,B-3,A-
Sequence4,0.125,4,accent,C,R,C4,F#dim
Sequence4,0.125,4,,G,R,B3,F#dim
Sequence4,0.125,4,,T,R,A4,F#dim
Sequence4,0.125,4,accent,C,R,C4,F#dim
Sequence4,0.125,4,,G,R,B3,F#dim
Sequence4,0.125,4,,T,R,A4,F#dim
Sequence4,0.125,4,accent,A,N,C#4,C#m
Sequence4,0.125,4,,A,N,C#4,C#m
Sequence4,0.125,4,,T,N,D#4,C#m
Sequence4,0.125,4,accent,T,Stop,,
Sequence4,0.125,4,,A,Stop,,
Sequence4,0.125,4,,A,Stop,,
Sequence5,0.125,4,accent,A,M,E4,E
Sequence5,0.125,4,,T,M,F#4,E
Sequence5,0.125,4,,G,M,B3,E
Sequence5,0.125,4,accent,G,G,D4,A-
Sequence5,0.125,4,,G,G,D4,A-
Sequence5,0.125,4,,C,G,C4,A-
Sequence5,0.125,4,accent,C,R,C4,F#dim
Sequence5,0.125,4,,G,R,B3,F#dim
Sequence5,0.125,4,,T,R,A4,F#dim
Sequence5,0.125,4,accent,C,L,F#4,D
Sequence5,0.125,4,,T,L,E4,D
Sequence5,0.125,4,,T,L,E4,D
Sequence5,0.125,4,accent,C,R,C4,F#dim
Sequence5,0.125,4,,G,R,B3,F#dim
Sequence5,0.125,4,,T,R,A4,F#dim
Sequence5,0.125,4,accent,C,H,G4,C#dim
Sequence5,0.125,4,,A,H,C#4,C#dim
Sequence5,0.125,4,,C,H,G4,C#dim
Sequence5,0.125,4,accent,T,S,B3,Am
Sequence5,0.125,4,,C,S,C4,Am
Sequence5,0.125,4,,C,S,C4,Am
Sequence5,0.125,4,accent,C,Q,B4,G#m
Sequence5,0.125,4,,A,Q,G#4,G#m
Sequence5,0.125,4,,G,Q,D4,G#m
Sequence5,0.125,4,accent,G,V,D4,G
Sequence5,0.125,4,,T,V,A4,G
Sequence5,0.125,4,,G,V,D4,G
Sequence5,0.125,4,accent,C,R,C4,F#dim
Sequence5,0.125,4,,G,R,B3,F#dim
Sequence5,0.125,4,,T,R,A4,F#dim
Sequence5,0.125,4,accent,G,G,D4,A-
Sequence5,0.125,4,,G,G,D4,A-
Sequence5,0.125,4,,T,G,B-3,A-
Sequence5,0.125,4,accent,A,I,A4,A
Sequence5,0.125,4,,T,I,B3,A
Sequence5,0.125,4,,T,I,B3,A
Sequence5,0.125,4,accent,T,S,B3,Am
Sequence5,0.125,4,,C,S,C4,Am
Sequence5,0.125,4,,C,S,C4,Am
Sequence5,0.125,4,accent,A,I,A4,A
Sequence5,0.125,4,,T,I,B3,A
Sequence5,0.125,4,,C,I,C#4,A
Sequence5,0.125,4,accent,A,K,B4,Bdim
Sequence5,0.125,4,,A,K,B4,Bdim
Sequence5,0.125,4,,G,K,B-3,Bdim
Sequence5,0.125,4,accent,C,L,F#4,D
Sequence5,0.125,4,,T,L,E4,D
Sequence5,0.125,4,,G,L,B3,D
Sequence5,0.125,4,accent,C,Q,B4,G#m
Sequence5,0.125,4,,A,Q,G#4,G#m
Sequence5,0.125,4,,G,Q,D4,G#m
Sequence5,0.125,4,accent,G,E,B3,Eaug
Sequence5,0.125,4,,A,E,E4,Eaug
Sequence5,0.125,4,,G,E,B3,Eaug
Sequence5,0.125,4,accent,G,E,B3,Eaug
Sequence5,0.125,4,,A,E,E4,Eaug
Sequence5,0.125,4,,G,E,B3,Eaug
Sequence5,0.125,4,accent,G,E,B3,Eaug
Sequence5,0.125,4,,A,E,E4,Eaug
Sequence5,0.125,4,,G,E,B3,Eaug
Sequence5,0.125,4,accent,C,R,C4,F#dim
Sequence5,0.125,4,,G,R,B3,F#dim
Sequence5,0.125,4,,T,R,A4,F#dim
Sequence5,0.125,4,accent,G,E,B3,Eaug
Sequence5,0.125,4,,A,E,E4,Eaug
Sequence5,0.125,4,,G,E,B3,Eaug
Sequence5,0.125,4,accent,C,R,C4,F#dim
Sequence5,0.125,4,,G,R,B3,F#dim
Sequence5,0.125,4,,T,R,A4,F#dim
Sequence5,0.125,4,accent,C,R,C4,F#dim
Sequence5,0.125,4,,G,R,B3,F#dim
Sequence5,0.125,4,,C,R,C4,F#dim
Sequence5,0.125,4,accent,G,D,B3,Daug
Sequence5,0.125,4,,A,D,D4,Daug
Sequence5,0.125,4,,C,D,A#4,Daug
Sequence5,0.125,4,accent,A,N,C#4,C#m
Sequence5,0.125,4,,A,N,C#4,C#m
Sequence5,0.125,4,,C,N,E4,C#m
Sequence5,0.125,4,accent,T,Y,G#4,F#m
Sequence5,0.125,4,,A,Y,F#4,F#m
Sequence5,0.125,4,,C,Y,A4,F#m
Sequence5,0.125,4,accent,G,V,D4,G
Sequence5,0.125,4,,T,V,A4,G
Sequence5,0.125,4,,C,V,B3,G
Sequence5,0.125,4,accent,C,P,F4,D-
Sequence5,0.125,4,,C,P,F4,D-
Sequence5,0.125,4,,A,P,D-4,D-
Sequence5,0.125,4,accent,G,A,B3,C
Sequence5,0.125,4,,C,A,E4,C
Sequence5,0.125,4,,C,A,E4,C
Sequence5,0.125,4,accent,G,V,D4,G
Sequence5,0.125,4,,T,V,A4,G
Sequence5,0.125,4,,G,V,D4,G
Sequence5,0.125,4,accent,T,S,B3,Am
Sequence5,0.125,4,,C,S,C4,Am
Sequence5,0.125,4,,C,S,C4,Am
Sequence5,0.125,4,accent,G,A,B3,C
Sequence5,0.125,4,,C,A,E4,C
Sequence5,0.125,4,,C,A,E4,C
Sequence5,0.125,4,accent,C,L,F#4,D
Sequence5,0.125,4,,T,L,E4,D
Sequence5,0.125,4,,G,L,B3,D
Sequence5,0.125,4,accent,G,E,B3,Eaug
Sequence5,0.125,4,,A,E,E4,Eaug
Sequence5,0.125,4,,G,E,B3,Eaug
Sequence5,0.125,4,accent,C,Q,B4,G#m
Sequence5,0.125,4,,A,Q,G#4,G#m
Sequence5,0.125,4,,A,Q,G#4,G#m
Sequence5,0.125,4,accent,G,D,B3,Daug
Sequence5,0.125,4,,A,D,D4,Daug
Sequence5,0.125,4,,C,D,A#4,Daug
Sequence5,0.125,4,accent,A,I,A4,A
Sequence5,0.125,4,,T,I,B3,A
Sequence5,0.125,4,,C,I,C#4,A
Sequence5,0.125,4,accent,A,I,A4,A
Sequence5,0.125,4,,T,I,B3,A
Sequence5,0.125,4,,C,I,C#4,A
Sequence5,0.125,4,accent,G,E,B3,Eaug
Sequence5,0.125,4,,A,E,E4,Eaug
Sequence5,0.125,4,,G,E,B3,Eaug
Sequence5,0.125,4,accent,G,V,D4,G
Sequence5,0.125,4,,T,V,A4,G
Sequence5,0.125,4,,C,V,B3,G
Sequence5,0.125,4,accent,G,D,B3,Daug
Sequence5,0.125,4,,A,D,D4,Daug
Sequence5,0.125,4,,T,D,F#4,Daug
Sequence5,0.125,4,accent,C,P,F4,D-
Sequence5,0.125,4,,C,P,F4,D-
Sequence5,0.125,4,,C,P,F4,D-
Sequence5,0.125,4,accent,G,D,B3,Daug
Sequence5,0.125,4,,A,D,D4,Daug
Sequence5,0.125,4,,C,D,A#4,Daug
Sequence5,0.125,4,accent,A,T,E4,Em
Sequence5,0.125,4,,C,T,G4,Em
Sequence5,0.125,4,,C,T,G4,Em
Sequence5,0.125,4,accent,A,K,B4,Bdim
Sequence5,0.125,4,,A,K,B4,Bdim
Sequence5,0.125,4,,G,K,B-3,Bdim
Sequence5,0.125,4,accent,G,E,B3,Eaug
Sequence5,0.125,4,,A,E,E4,Eaug
Sequence5,0.125,4,,G,E,B3,Eaug
Sequence5,0.125,4,accent,A,M,E4,E
Sequence5,0.125,4,,T,M,F#4,E
Sequence5,0.125,4,,G,M,B3,E
Sequence5,0.125,4,accent,T,L,E4,D
Sequence5,0.125,4,,T,L,E4,D
Sequence5,0.125,4,,G,L,B3,D
Sequence5,0.125,4,accent,A,K,B4,Bdim
Sequence5,0.125,4,,A,K,B4,Bdim
Sequence5,0.125,4,,G,K,B-3,Bdim
Sequence5,0.125,4,accent,C,L,F#4,D
Sequence5,0.125,4,,T,L,E4,D
Sequence5,0.125,4,,G,L,B3,D
Sequence5,0.125,4,accent,T,L,E4,D
Sequence5,0.125,4,,T,L,E4,D
Sequence5,0.125,4,,G,L,B3,D
Sequence5,0.125,4,accent,G,D,B3,Daug
Sequence5,0.125,4,,A,D,D4,Daug
Sequence5,0.125,4,,C,D,A#4,Daug
Sequence5,0.125,4,accent,T,F,C#4,B
Sequence5,0.125,4,,T,F,C#4,B
Sequence5,0.125,4,,C,F,D#4,B
Sequence5,0.125,4,accent,C,H,G4,C#dim
Sequence5,0.125,4,,A,H,C#4,C#dim
Sequence5,0.125,4,,C,H,G4,C#dim
Sequence5,0.125,4,accent,A,N,C#4,C#m
Sequence5,0.125,4,,A,N,C#4,C#m
Sequence5,0.125,4,,C,N,E4,C#m
Sequence5,0.125,4,accent,A,I,A4,A
Sequence5,0.125,4,,T,I,B3,A
Sequence5,0.125,4,,C,I,C#4,A
Sequence5,0.125,4,accent,C,R,C4,F#dim
Sequence5,0.125,4,,G,R,B3,F#dim
Sequence5,0.125,4,,T,R,A4,F#dim
Sequence5,0.125,4,accent,G,G,D4,A-
Sequence5,0.125,4,,G,G,D4,A-
Sequence5,0.125,4,,T,G,B-3,A-
Sequence5,0.125,4,accent,C,L,F#4,D
Sequence5,0.125,4,,T,L,E4,D
Sequence5,0.125,4,,C,L,F#4,D
Sequence5,0.125,4,accent,C,Q,B4,G#m
Sequence5,0.125,4,,A,Q,G#4,G#m
Sequence5,0.125,4,,G,Q,D4,G#m
Sequence5,0.125,4,accent,C,L,F#4,D
Sequence5,0.125,4,,T,L,E4,D
Sequence5,0.125,4,,C,L,F#4,D
Sequence5,0.125,4,accent,A,T,E4,Em
Sequence5,0.125,4,,C,T,G4,Em
Sequence5,0.125,4,,C,T,G4,Em
Sequence5,0.125,4,accent,C,Q,B4,G#m
Sequence5,0.125,4,,A,Q,G#4,G#m
Sequence5,0.125,4,,G,Q,D4,G#m
Sequence5,0.125,4,accent,C,P,F4,D-
Sequence5,0.125,4,,C,P,F4,D-
Sequence5,0.125,4,,C,P,F4,D-
Sequence5,0.125,4,accent,A,N,C#4,C#m
Sequence5,0.125,4,,A,N,C#4,C#m
Sequence5,0.125,4,,C,N,E4,C#m
Sequence5,0.125,4,accent,A,T,E4,Em
Sequence5,0.125,4,,C,T,G4,Em
Sequence5,0.125,4,,C,T,G4,Em
Sequence5,0.125,4,accent,A,N,C#4,C#m
Sequence5,0.125,4,,A,N,C#4,C#m
Sequence5,0.125,4,,C,N,E4,C#m
Sequence5,0.125,4,accent,A,N,C#4,C#m
Sequence5,0.125,4,,A,N,C#4,C#m
Sequence5,0.125,4,,C,N,E4,C#m
Sequence5,0.125,4,accent,T,F,C#4,B
Sequence5,0.125,4,,T,F,C#4,B
Sequence5,0.125,4,,T,F,C#4,B
Sequence5,0.125,4,accent,G,G,D4,A-
Sequence5,0.125,4,,G,G,D4,A-
Sequence5,0.125,4,,T,G,B-3,A-
Sequence5,0.125,4,accent,C,R,C4,F#dim
Sequence5,0.125,4,,G,R,B3,F#dim
Sequence5,0.125,4,,T,R,A4,F#dim
Sequence5,0.125,4,accent,C,R,C4,F#dim
Sequence5,0.125,4,,G,R,B3,F#dim
Sequence5,0.125,4,,T,R,A4,F#dim
Sequence5,0.125,4,accent,A,N,C#4,C#m
Sequence5,0.125,4,,A,N,C#4,C#m
Sequence5,0.125,4,,T,N,D#4,C#m
Sequence5,0.125,4,accent,T,Stop,,
Sequence5,0.125,4,,A,Stop,,
Sequence5,0.125,4,,A,Stop,,
Sequence6,0.125,4,accent,A,M,E4,E
Sequence6,0.125,4,,T,M,F#4,E
Sequence6,0.125,4,,G,M,B3,E
Sequence6,0.125,4,accent,G,G,D4,A-
Sequence6,0.125,4,,G,G,D4,A-
Sequence6,0.125,4,,C,G,C4,A-
Sequence6,0.125,4,accent,C,R,C4,F#dim
Sequence6,0.125,4,,G,R,B3,F#dim
Sequence6,0.125,4,,T,R,A4,F#dim
Sequence6,0.125,4,accent,C,L,F#4,D
Sequence6,0.125,4,,T,L,E4,D
Sequence6,0.125,4,,G,L,B3,D
Sequence6,0.125,4,accent,C,R,C4,F#dim
Sequence6,0.125,4,,G,R,B3,F#dim
Sequence6,0.125,4,,T,R,A4,F#dim
Sequence6,0.125,4,accent,C,H,G4,C#dim
Sequence6,0.125,4,,A,H,C#4,C#dim
Sequence6,0.125,4,,C,H,G4,C#dim
Sequence6,0.125,4,accent,T,S,B3,Am
Sequence6,0.125,4,,C,S,C4,Am
Sequence6,0.125,4,,C,S,C4,Am
Sequence6,0.125,4,accent,C,Q,B4,G#m
Sequence6,0.125,4,,A,Q,G#4,G#m
Sequence6,0.125,4,,G,Q,D4,G#m
Sequence6,0.125,4,accent,G,V,D4,G
Sequence6,0.125,4,,T,V,A4,G
Sequence6,0.125,4,,G,V,D4,G
Sequence6,0.125,4,accent,C,R,C4,F#dim
Sequence6,0.125,4,,G,R,B3,F#dim
Sequence6,0.125,4,,T,R,A4,F#dim
Sequence6,0.125,4,accent,G,G,D4,A-
Sequence6,0.125,4,,G,G,D4,A-
Sequence6,0.125,4,,T,G,B-3,A-
Sequence6,0.125,4,accent,A,I,A4,A
Sequence6,0.125,4,,T,I,B3,A
Sequence6,0.125,4,,T,I,B3,A
Sequence6,0.125,4,accent,T,S,B3,Am
Sequence6,0.125,4,,C,S,C4,Am
Sequence6,0.125,4,,C,S,C4,Am
Sequence6,0.125,4,accent,A,I,A4,A
Sequence6,0.125,4,,T,I,B3,A
Sequence6,0.125,4,,C,I,C#4,A
Sequence6,0.125,4,accent,A,K,B4,Bdim
Sequence6,0.125,4,,A,K,B4,Bdim
Sequence6,0.125,4,,A,K,B4,Bdim
Sequence6,0.125,4,accent,C,L,F#4,D
Sequence6,0.125,4,,T,L,E4,D
Sequence6,0.125,4,,G,L,B3,D
Sequence6,0.125,4,accent,C,Q,B4,G#m
Sequence6,0.125,4,,A,Q,G#4,G#m
Sequence6,0.125,4,,G,Q,D4,G#m
Sequence6,0.125,4,accent,G,E,B3,Eaug
Sequence6,0.125,4,,A,E,E4,Eaug
Sequence6,0.125,4,,G,E,B3,Eaug
Sequence6,0.125,4,accent,G,E,B3,Eaug
Sequence6,0.125,4,,A,E,E4,Eaug
Sequence6,0.125,4,,G,E,B3,Eaug
Sequence6,0.125,4,accent,G,E,B3,Eaug
Sequence6,0.125,4,,A,E,E4,Eaug
Sequence6,0.125,4,,G,E,B3,Eaug
Sequence6,0.125,4,accent,C,R,C4,F#dim
Sequence6,0.125,4,,G,R,B3,F#dim
Sequence6,0.125,4,,C,R,C4,F#dim
Sequence6,0.125,4,accent,G,E,B3,Eaug
Sequence6,0.125,4,,A,E,E4,Eaug
Sequence6,0.125,4,,G,E,B3,Eaug
Sequence6,0.125,4,accent,C,R,C4,F#dim
Sequence6,0.125,4,,G,R,B3,F#dim
Sequence6,0.125,4,,T,R,A4,F#dim
Sequence6,0.125,4,accent,C,R,C4,F#dim
Sequence6,0.125,4,,G,R,B3,F#dim
Sequence6,0.125,4,,T,R,A4,F#dim
Sequence6,0.125,4,accent,G,D,B3,Daug
Sequence6,0.125,4,,A,D,D4,Daug
Sequence6,0.125,4,,T,D,F#4,Daug
Sequence6,0.125,4,accent,A,N,C#4,C#m
Sequence6,0.125,4,,A,N,C#4,C#m
Sequence6,0.125,4,,C,N,E4,C#m
Sequence6,0.125,4,accent,T,Y,G#4,F#m
Sequence6,0.125,4,,A,Y,F#4,F#m
Sequence6,0.125,4,,C,Y,A4,F#m
Sequence6,0.125,4,accent,G,V,D4,G
Sequence6,0.125,4,,T,V,A4,G
Sequence6,0.125,4,,G,V,D4,G
Sequence6,0.125,4,accent,C,P,F4,D-
Sequence6,0.125,4,,C,P,F4,D-
Sequence6,0.125,4,,C,P,F4,D-
Sequence6,0.125,4,accent,G,A,B3,C
Sequence6,0.125,4,,C,A,E4,C
Sequence6,0.125,4,,C,A,E4,C
Sequence6,0.125,4,accent,G,V,D4,G
Sequence6,0.125,4,,T,V,A4,G
Sequence6,0.125,4,,T,V,A4,G
Sequence6,0.125,4,accent,T,S,B3,Am
Sequence6,0.125,4,,C,S,C4,Am
Sequence6,0.125,4,,C,S,C4,Am
Sequence6,0.125,4,accent,G,A,B3,C
Sequence6,0.125,4,,C,A,E4,C
Sequence6,0.125,4,,T,A,D4,C
Sequence6,0.125,4,accent,C,L,F#4,D
Sequence6,0.125,4,,T,L,E4,D
Sequence6,0.125,4,,G,L,B3,D
Sequence6,0.125,4,accent,G,E,B3,Eaug
Sequence6,0.125,4,,A,E,E4,Eaug
Sequence6,0.125,4,,G,E,B3,Eaug
Sequence6,0.125,4,accent,C,Q,B4,G#m
Sequence6,0.125,4,,A,Q,G#4,G#m
Sequence6,0.125,4,,G,Q,D4,G#m
Sequence6,0.125,4,accent,G,D,B3,Daug
Sequence6,0.125,4,,A,D,D4,Daug
Sequence6,0.125,4,,C,D,A#4,Daug
Sequence6,0.125,4,accent,A,I,A4,A
Sequence6,0.125,4,,T,I,B3,A
Sequence6,0.125,4,,C,I,C#4,A
Sequence6,0.125,4,accent,A,I,A4,A
Sequence6,0.125,4,,T,I,B3,A
Sequence6,0.125,4,,C,I,C#4,A
Sequence6,0.125,4,accent,G,E,B3,Eaug
Sequence6,0.125,4,,A,E,E4,Eaug
Sequence6,0.125,4,,G,E,B3,Eaug
Sequence6,0.125,4,accent,G,V,D4,G
Sequence6,0.125,4,,T,V,A4,G
Sequence6,0.125,4,,T,V,A4,G
Sequence6,0.125,4,accent,G,D,B3,Daug
Sequence6,0.125,4,,A,D,D4,Daug
Sequence6,0.125,4,,T,D,F#4,Daug
Sequence6,0.125,4,accent,C,P,F4,D-
Sequence6,0.125,4,,C,P,F4,D-
Sequence6,0.125,4,,C,P,F4,D-
Sequence6,0.125,4,accent,G,D,B3,Daug
Sequence6,0.125,4,,A,D,D4,Daug
Sequence6,0.125,4,,T,D,F#4,Daug
Sequence6,0.125,4,accent,A,T,E4,Em
Sequence6,0.125,4,,C,T,G4,Em
Sequence6,0.125,4,,C,T,G4,Em
Sequence6,0.125,4,accent,A,K,B4,Bdim
Sequence6,0.125,4,,A,K,B4,Bdim
Sequence6,0.125,4,,G,K,B-3,Bdim
Sequence6,0.125,4,accent,G,E,B3,Eaug
Sequence6,0.125,4,,A,E,E4,Eaug
Sequence6,0.125,4,,G,E,B3,Eaug
Sequence6,0.125,4,accent,A,M,E4,E
Sequence6,0.125,4,,T,M,F#4,E
Sequence6,0.125,4,,G,M,B3,E
Sequence6,0.125,4,accent,T,L,E4,D
Sequence6,0.125,4,,T,L,E4,D
Sequence6,0.125,4,,G,L,B3,D
Sequence6,0.125,4,accent,A,K,B4,Bdim
Sequence6,0.125,4,,A,K,B4,Bdim
Sequence6,0.125,4,,G,K,B-3,Bdim
Sequence6,0.125,4,accent,C,L,F#4,D
Sequence6,0.125,4,,T,L,E4,D
Sequence6,0.125,4,,G,L,B3,D
Sequence6,0.125,4,accent,T,L,E4,D
Sequence6,0.125,4,,T,L,E4,D
Sequence6,0.125,4,,G,L,B3,D
Sequence6,0.125,4,accent,G,D,B3,Daug
Sequence6,0.125,4,,A,D,D4,Daug
Sequence6,0.125,4,,C,D,A#4,Daug
Sequence6,0.125,4,accent,T,F,C#4,B
Sequence6,0.125,4,,T,F,C#4,B
Sequence6,0.125,4,,C,F,D#4,B
Sequence6,0.125,4,accent,C,H,G4,C#dim
Sequence6,0.125,4,,A,H,C#4,C#dim
Sequence6,0.125,4,,C,H,G4,C#dim
Sequence6,0.125,4,accent,A,N,C#4,C#m
Sequence6,0.125,4,,A,N,C#4,C#m
Sequence6,0.125,4,,C,N,E4,C#m
Sequence6,0.125,4,accent,A,I,A4,A
Sequence6,0.125,4,,T,I,B3,A
Sequence6,0.125,4,,T,I,B3,A
Sequence6,0.125,4,accent,C,R,C4,F#dim
Sequence6,0.125,4,,G,R,B3,F#dim
Sequence6,0.125,4,,T,R,A4,F#dim
Sequence6,0.125,4,accent,G,G,D4,A-
Sequence6,0.125,4,,G,G,D4,A-
Sequence6,0.125,4,,T,G,B-3,A-
Sequence6,0.125,4,accent,C,L,F#4,D
Sequence6,0.125,4,,T,L,E4,D
Sequence6,0.125,4,,G,L,B3,D
Sequence6,0.125,4,accent,C,Q,B4,G#m
Sequence6,0.125,4,,A,Q,G#4,G#m
Sequence6,0.125,4,,G,Q,D4,G#m
Sequence6,0.125,4,accent,T,L,E4,D
Sequence6,0.125,4,,T,L,E4,D
Sequence6,0.125,4,,G,L,B3,D
Sequence6,0.125,4,accent,A,T,E4,Em
Sequence6,0.125,4,,C,T,G4,Em
Sequence6,0.125,4,,T,T,F#4,Em
Sequence6,0.125,4,accent,C,Q,B4,G#m
Sequence6,0.125,4,,A,Q,G#4,G#m
Sequence6,0.125,4,,G,Q,D4,G#m
Sequence6,0.125,4,accent,C,P,F4,D-
Sequence6,0.125,4,,C,P,F4,D-
Sequence6,0.125,4,,C,P,F4,D-
Sequence6,0.125,4,accent,A,N,C#4,C#m
Sequence6,0.125,4,,A,N,C#4,C#m
Sequence6,0.125,4,,C,N,E4,C#m
Sequence6,0.125,4,accent,A,T,E4,Em
Sequence6,0.125,4,,C,T,G4,Em
Sequence6,0.125,4,,C,T,G4,Em
Sequence6,0.125,4,accent,A,N,C#4,C#m
Sequence6,0.125,4,,A,N,C#4,C#m
Sequence6,0.125,4,,C,N,E4,C#m
Sequence6,0.125,4,accent,A,N,C#4,C#m
Sequence6,0.125,4,,A,N,C#4,C#m
Sequence6,0.125,4,,C,N,E4,C#m
Sequence6,0.125,4,accent,T,F,C#4,B
Sequence6,0.125,4,,T,F,C#4,B
Sequence6,0.125,4,,T,F,C#4,B
Sequence6,0.125,4,accent,G,G,D4,A-
Sequence6,0.125,4,,G,G,D4,A-
Sequence6,0.125,4,,A,G,A-4,A-
Sequence6,0.125,4,accent,C,R,C4,F#dim
Sequence6,0.125,4,,G,R,B3,F#dim
Sequence6,0.125,4,,T,R,A4,F#dim
Sequence6,0.125,4,accent,C,R,C4,F#dim
Sequence6,0.125,4,,G,R,B3,F#dim
Sequence6,0.125,4,,C,R,C4,F#dim
Sequence6,0.125,4,accent,A,N,C#4,C#m
Sequence6,0.125,4,,A,N,C#4,C#m
Sequence6,0.125,4,,T,N,D#4,C#m
Sequence6,0.125,4,accent,T,Stop,,
Sequence6,0.125,4,,A,Stop,,
Sequence6,0.125,4,,G,Stop,,
Sequence7,0.125,4,accent,A,M,E4,E
Sequence7,0.125,4,,T,M,F#4,E
Sequence7,0.125,4,,G,M,B3,E
Sequence7,0.125,4,accent,G,G,D4,A-
Sequence7,0.125,4,,G,G,D4,A-
Sequence7,0.125,4,,C,G,C4,A-
Sequence7,0.125,4,accent,C,R,C4,F#dim
Sequence7,0.125,4,,G,R,B3,F#dim
Sequence7,0.125,4,,T,R,A4,F#dim
Sequence7,0.125,4,accent,C,L,F#4,D
Sequence7,0.125,4,,T,L,E4,D
Sequence7,0.125,4,,G,L,B3,D
Sequence7,0.125,4,accent,C,R,C4,F#dim
Sequence7,0.125,4,,G,R,B3,F#dim
Sequence7,0.125,4,,T,R,A4,F#dim
Sequence7,0.125,4,accent,C,H,G4,C#dim
Sequence7,0.125,4,,A,H,C#4,C#dim
Sequence7,0.125,4,,C,H,G4,C#dim
Sequence7,0.125,4,accent,T,S,B3,Am
Sequence7,0.125,4,,C,S,C4,Am
Sequence7,0.125,4,,C,S,C4,Am
Sequence7,0.125,4,accent,C,Q,B4,G#m
Sequence7,0.125,4,,A,Q,G#4,G#m
Sequence7,0.125,4,,G,Q,D4,G#m
Sequence7,0.125,4,accent,G,V,D4,G
Sequence7,0.125,4,,T,V,A4,G
Sequence7,0.125,4,,G,V,D4,G
Sequence7,0.125,4,accent,C,R,C4,F#dim
Sequence7,0.125,4,,G,R,B3,F#dim
Sequence7,0.125,4,,C,R,C4,F#dim
Sequence7,0.125,4,accent,G,G,D4,A-
Sequence7,0.125,4,,G,G,D4,A-
Sequence7,0.125,4,,T,G,B-3,A-
Sequence7,0.125,4,accent,A,I,A4,A
Sequence7,0.125,4,,T,I,B3,A
Sequence7,0.125,4,,T,I,B3,A
Sequence7,0.125,4,accent,T,S,B3,Am
Sequence7,0.125,4,,C,S,C4,Am
Sequence7,0.125,4,,G,S,D4,Am
Sequence7,0.125,4,accent,A,I,A4,A
Sequence7,0.125,4,,T,I,B3,A
Sequence7,0.125,4,,C,I,C#4,A
Sequence7,0.125,4,accent,A,K,B4,Bdim
Sequence7,0.125,4,,A,K,B4,Bdim
Sequence7,0.125,4,,G,K,B-3,Bdim
Sequence7,0.125,4,accent,C,L,F#4,D
Sequence7,0.125,4,,T,L,E4,D
Sequence7,0.125,4,,G,L,B3,D
Sequence7,0.125,4,accent,C,Q,B4,G#m
Sequence7,0.125,4,,A,Q,G#4,G#m
Sequence7,0.125,4,,G,Q,D4,G#m
Sequence7,0.125,4,accent,G,E,B3,Eaug
Sequence7,0.125,4,,A,E,E4,Eaug
Sequence7,0.125,4,,A,E,E4,Eaug
Sequence7,0.125,4,accent,G,E,B3,Eaug
Sequence7,0.125,4,,A,E,E4,Eaug
Sequence7,0.125,4,,G,E,B3,Eaug
Sequence7,0.125,4,accent,G,E,B3,Eaug
Sequence7,0.125,4,,A,E,E4,Eaug
Sequence7,0.125,4,,G,E,B3,Eaug
Sequence7,0.125,4,accent,C,R,C4,F#dim
Sequence7,0.125,4,,G,R,B3,F#dim
Sequence7,0.125,4,,C,R,C4,F#dim
Sequence7,0.125,4,accent,G,E,B3,Eaug
Sequence7,0.125,4,,A,E,E4,Eaug
Sequence7,0.125,4,,G,E,B3,Eaug
Sequence7,0.125,4,accent,C,R,C4,F#dim
Sequence7,0.125,4,,G,R,B3,F#dim
Sequence7,0.125,4,,T,R,A4,F#dim
Sequence7,0.125,4,accent,C,R,C4,F#dim
Sequence7,0.125,4,,G,R,B3,F#dim
Sequence7,0.125,4,,T,R,A4,F#dim
Sequence7,0.125,4,accent,G,D,B3,Daug
Sequence7,0.125,4,,A,D,D4,Daug
Sequence7,0.125,4,,C,D,A#4,Daug
Sequence7,0.125,4,accent,A,N,C#4,C#m
Sequence7,0.125,4,,A,N,C#4,C#m
Sequence7,0.125,4,,C,N,E4,C#m
Sequence7,0.125,4,accent,T,Y,G#4,F#m
Sequence7,0.125,4,,A,Y,F#4,F#m
Sequence7,0.125,4,,C,Y,A4,F#m
Sequence7,0.125,4,accent,G,V,D4,G
Sequence7,0.125,4,,T,V,A4,G
Sequence7,0.125,4,,T,V,A4,G
Sequence7,0.125,4,accent,C,P,F4,D-
Sequence7,0.125,4,,C,P,F4,D-
Sequence7,0.125,4,,G,P,B-3,D-
Sequence7,0.125,4,accent,G,A,B3,C
Sequence7,0.125,4,,C,A,E4,C
Sequence7,0.125,4,,T,A,D4,C
Sequence7,0.125,4,accent,G,V,D4,G
Sequence7,0.125,4,,T,V,A4,G
Sequence7,0.125,4,,C,V,B3,G
Sequence7,0.125,4,accent,T,S,B3,Am
Sequence7,0.125,4,,C,S,C4,Am
Sequence7,0.125,4,,C,S,C4,Am
Sequence7,0.125,4,accent,G,A,B3,C
Sequence7,0.125,4,,C,A,E4,C
Sequence7,0.125,4,,T,A,D4,C
Sequence7,0.125,4,accent,C,L,F#4,D
Sequence7,0.125,4,,T,L,E4,D
Sequence7,0.125,4,,G,L,B3,D
Sequence7,0.125,4,accent,G,E,B3,Eaug
Sequence7,0.125,4,,A,E,E4,Eaug
Sequence7,0.125,4,,G,E,B3,Eaug
Sequence7,0.125,4,accent,C,Q,B4,G#m
Sequence7,0.125,4,,A,Q,G#4,G#m
Sequence7,0.125,4,,G,Q,D4,G#m
Sequence7,0.125,4,accent,G,D,B3,Daug
Sequence7,0.125,4,,A,D,D4,Daug
Sequence7,0.125,4,,C,D,A#4,Daug
Sequence7,0.125,4,accent,A,I,A4,A
Sequence7,0.125,4,,T,I,B3,A
Sequence7,0.125,4,,C,I,C#4,A
Sequence7,0.125,4,accent,A,I,A4,A
Sequence7,0.125,4,,T,I,B3,A
Sequence7,0.125,4,,C,I,C#4,A
Sequence7,0.125,4,accent,G,D,B3,Daug
Sequence7,0.125,4,,A,D,D4,Daug
Sequence7,0.125,4,,T,D,F#4,Daug
Sequence7,0.125,4,accent,G,V,D4,G
Sequence7,0.125,4,,T,V,A4,G
Sequence7,0.125,4,,C,V,B3,G
Sequence7,0.125,4,accent,G,D,B3,Daug
Sequence7,0.125,4,,A,D,D4,Daug
Sequence7,0.125,4,,T,D,F#4,Daug
Sequence7,0.125,4,accent,G,A,B3,C
Sequence7,0.125,4,,C,A,E4,C
Sequence7,0.125,4,,C,A,E4,C
Sequence7,0.125,4,accent,G,D,B3,Daug
Sequence7,0.125,4,,A,D,D4,Daug
Sequence7,0.125,4,,C,D,A#4,Daug
Sequence7,0.125,4,accent,A,T,E4,Em
Sequence7,0.125,4,,C,T,G4,Em
Sequence7,0.125,4,,C,T,G4,Em
Sequence7,0.125,4,accent,A,K,B4,Bdim
Sequence7,0.125,4,,A,K,B4,Bdim
Sequence7,0.125,4,,G,K,B-3,Bdim
Sequence7,0.125,4,accent,G,E,B3,Eaug
Sequence7,0.125,4,,A,E,E4,Eaug
Sequence7,0.125,4,,G,E,B3,Eaug
Sequence7,0.125,4,accent,A,M,E4,E
Sequence7,0.125,4,,T,M,F#4,E
Sequence7,0.125,4,,G,M,B3,E
Sequence7,0.125,4,accent,T,L,E4,D
Sequence7,0.125,4,,T,L,E4,D
Sequence7,0.125,4,,G,L,B3,D
Sequence7,0.125,4,accent,A,K,B4,Bdim
Sequence7,0.125,4,,A,K,B4,Bdim
Sequence7,0.125,4,,A,K,B4,Bdim
Sequence7,0.125,4,accent,C,L,F#4,D
Sequence7,0.125,4,,T,L,E4,D
Sequence7,0.125,4,,G,L,B3,D
Sequence7,0.125,4,accent,T,L,E4,D
Sequence7,0.125,4,,T,L,E4,D
Sequence7,0.125,4,,G,L,B3,D
Sequence7,0.125,4,accent,G,D,B3,Daug
Sequence7,0.125,4,,A,D,D4,Daug
Sequence7,0.125,4,,C,D,A#4,Daug
Sequence7,0.125,4,accent,T,F,C#4,B
Sequence7,0.125,4,,T,F,C#4,B
Sequence7,0.125,4,,C,F,D#4,B
Sequence7,0.125,4,accent,C,H,G4,C#dim
Sequence7,0.125,4,,A,H,C#4,C#dim
Sequence7,0.125,4,,C,H,G4,C#dim
Sequence7,0.125,4,accent,A,N,C#4,C#m
Sequence7,0.125,4,,A,N,C#4,C#m
Sequence7,0.125,4,,C,N,E4,C#m
Sequence7,0.125,4,accent,A,I,A4,A
Sequence7,0.125,4,,T,I,B3,A
Sequence7,0.125,4,,T,I,B3,A
Sequence7,0.125,4,accent,C,R,C4,F#dim
Sequence7,0.125,4,,G,R,B3,F#dim
Sequence7,0.125,4,,T,R,A4,F#dim
Sequence7,0.125,4,accent,G,G,D4,A-
Sequence7,0.125,4,,G,G,D4,A-
Sequence7,0.125,4,,C,G,C4,A-
Sequence7,0.125,4,accent,C,L,F#4,D
Sequence7,0.125,4,,T,L,E4,D
Sequence7,0.125,4,,G,L,B3,D
Sequence7,0.125,4,accent,C,Q,B4,G#m
Sequence7,0.125,4,,A,Q,G#4,G#m
Sequence7,0.125,4,,G,Q,D4,G#m
Sequence7,0.125,4,accent,C,L,F#4,D
Sequence7,0.125,4,,T,L,E4,D
Sequence7,0.125,4,,T,L,E4,D
Sequence7,0.125,4,accent,A,T,E4,Em
Sequence7,0.125,4,,C,T,G4,Em
Sequence7,0.125,4,,C,T,G4,Em
Sequence7,0.125,4,accent,C,Q,B4,G#m
Sequence7,0.125,4,,A,Q,G#4,G#m
Sequence7,0.125,4,,G,Q,D4,G#m
Sequence7,0.125,4,accent,C,P,F4,D-
Sequence7,0.125,4,,C,P,F4,D-
Sequence7,0.125,4,,C,P,F4,D-
Sequence7,0.125,4,accent,A,N,C#4,C#m
Sequence7,0.125,4,,A,N,C#4,C#m
Sequence7,0.125,4,,C,N,E4,C#m
Sequence7,0.125,4,accent,A,T,E4,Em
Sequence7,0.125,4,,C,T,G4,Em
Sequence7,0.125,4,,C,T,G4,Em
Sequence7,0.125,4,accent,A,N,C#4,C#m
Sequence7,0.125,4,,A,N,C#4,C#m
Sequence7,0.125,4,,C,N,E4,C#m
Sequence7,0.125,4,accent,A,N,C#4,C#m
Sequence7,0.125,4,,A,N,C#4,C#m
Sequence7,0.125,4,,C,N,E4,C#m
Sequence7,0.125,4,accent,T,F,C#4,B
Sequence7,0.125,4,,T,F,C#4,B
Sequence7,0.125,4,,T,F,C#4,B
Sequence7,0.125,4,accent,G,G,D4,A-
Sequence7,0.125,4,,G,G,D4,A-
Sequence7,0.125,4,,A,G,A-4,A-
Sequence7,0.125,4,accent,C,R,C4,F#dim
Sequence7,0.125,4,,G,R,B3,F#dim
Sequence7,0.125,4,,T,R,A4,F#dim
Sequence7,0.125,4,accent,C,R,C4,F#dim
Sequence7,0.125,4,,G,R,B3,F#dim
Sequence7,0.125,4,,C,R,C4,F#dim
Sequence7,0.125,4,accent,A,N,C#4,C#m
Sequence7,0.125,4,,A,N,C#4,C#m
Sequence7,0.125,4,,T,N,D#4,C#m
Sequence7,0.125,4,accent,T,Stop,,
Sequence7,0.125,4,,A,Stop,,
Sequence7,0.125,4,,G,Stop,,
Sequence8,0.125,4,accent,A,M,E4,E
Sequence8,0.125,4,,T,M,F#4,E
Sequence8,0.125,4,,G,M,B3,E
Sequence8,0.125,4,accent,G,G,D4,A-
Sequence8,0.125,4,,G,G,D4,A-
Sequence8,0.125,4,,C,G,C4,A-
Sequence8,0.125,4,accent,C,R,C4,F#dim
Sequence8,0.125,4,,G,R,B3,F#dim
Sequence8,0.125,4,,T,R,A4,F#dim
Sequence8,0.125,4,accent,C,L,F#4,D
Sequence8,0.125,4,,T,L,E4,D
Sequence8,0.125,4,,G,L,B3,D
Sequence8,0.125,4,accent,C,R,C4,F#dim
Sequence8,0.125,4,,G,R,B3,F#dim
Sequence8,0.125,4,,C,R,C4,F#dim
Sequence8,0.125,4,accent,C,H,G4,C#dim
Sequence8,0.125,4,,A,H,C#4,C#dim
Sequence8,0.125,4,,C,H,G4,C#dim
Sequence8,0.125,4,accent,T,S,B3,Am
Sequence8,0.125,4,,C,S,C4,Am
Sequence8,0.125,4,,C,S,C4,Am
Sequence8,0.125,4,accent,C,Q,B4,G#m
Sequence8,0.125,4,,A,Q,G#4,G#m
Sequence8,0.125,4,,G,Q,D4,G#m
Sequence8,0.125,4,accent,G,V,D4,G
Sequence8,0.125,4,,T,V,A4,G
Sequence8,0.125,4,,G,V,D4,G
Sequence8,0.125,4,accent,C,R,C4,F#dim
Sequence8,0.125,4,,G,R,B3,F#dim
Sequence8,0.125,4,,T,R,A4,F#dim
Sequence8,0.125,4,accent,G,G,D4,A-
Sequence8,0.125,4,,G,G,D4,A-
Sequence8,0.125,4,,T,G,B-3,A-
Sequence8,0.125,4,accent,A,I,A4,A
Sequence8,0.125,4,,T,I,B3,A
Sequence8,0.125,4,,C,I,C#4,A
Sequence8,0.125,4,accent,T,S,B3,Am
Sequence8,0.125,4,,C,S,C4,Am
Sequence8,0.125,4,,C,S,C4,Am
Sequence8,0.125,4,accent,A,I,A4,A
Sequence8,0.125,4,,T,I,B3,A
Sequence8,0.125,4,,C,I,C#4,A
Sequence8,0.125,4,accent,A,K,B4,Bdim
Sequence8,0.125,4,,A,K,B4,Bdim
Sequence8,0.125,4,,G,K,B-3,Bdim
Sequence8,0.125,4,accent,T,L,E4,D
Sequence8,0.125,4,,T,L,E4,D
Sequence8,0.125,4,,G,L,B3,D
Sequence8,0.125,4,accent,C,Q,B4,G#m
Sequence8,0.125,4,,A,Q,G#4,G#m
Sequence8,0.125,4,,G,Q,D4,G#m
Sequence8,0.125,4,accent,G,E,B3,Eaug
Sequence8,0.125,4,,A,E,E4,Eaug
Sequence8,0.125,4,,G,E,B3,Eaug
Sequence8,0.125,4,accent,G,E,B3,Eaug
Sequence8,0.125,4,,A,E,E4,Eaug
Sequence8,0.125,4,,G,E,B3,Eaug
Sequence8,0.125,4,accent,G,E,B3,Eaug
Sequence8,0.125,4,,A,E,E4,Eaug
Sequence8,0.125,4,,G,E,B3,Eaug
Sequence8,0.125,4,accent,C,R,C4,F#dim
Sequence8,0.125,4,,G,R,B3,F#dim
Sequence8,0.125,4,,T,R,A4,F#dim
Sequence8,0.125,4,accent,G,E,B3,Eaug
Sequence8,0.125,4,,A,E,E4,Eaug
Sequence8,0.125,4,,G,E,B3,Eaug
Sequence8,0.125,4,accent,C,R,C4,F#dim
Sequence8,0.125,4,,G,R,B3,F#dim
Sequence8,0.125,4,,T,R,A4,F#dim
Sequence8,0.125,4,accent,C,R,C4,F#dim
Sequence8,0.125,4,,G,R,B3,F#dim
Sequence8,0.125,4,,C,R,C4,F#dim
Sequence8,0.125,4,accent,G,D,B3,Daug
Sequence8,0.125,4,,A,D,D4,Daug
Sequence8,0.125,4,,C,D,A#4,Daug
Sequence8,0.125,4,accent,A,N,C#4,C#m
Sequence8,0.125,4,,A,N,C#4,C#m
Sequence8,0.125,4,,C,N,E4,C#m
Sequence8,0.125,4,accent,T,Y,G#4,F#m
Sequence8,0.125,4,,A,Y,F#4,F#m
Sequence8,0.125,4,,C,Y,A4,F#m
Sequence8,0.125,4,accent,G,V,D4,G
Sequence8,0.125,4,,T,V,A4,G
Sequence8,0.125,4,,C,V,B3,G
Sequence8,0.125,4,accent,C,P,F4,D-
Sequence8,0.125,4,,C,P,F4,D-
Sequence8,0.125,4,,G,P,B-3,D-
Sequence8,0.125,4,accent,G,A,B3,C
Sequence8,0.125,4,,C,A,E4,C
Sequence8,0.125,4,,C,A,E4,C
Sequence8,0.125,4,accent,G,V,D4,G
Sequence8,0.125,4,,T,V,A4,G
Sequence8,0.125,4,,C,V,B3,G
Sequence8,0.125,4,accent,T,S,B3,Am
Sequence8,0.125,4,,C,S,C4,Am
Sequence8,0.125,4,,C,S,C4,Am
Sequence8,0.125,4,accent,G,A,B3,C
Sequence8,0.125,4,,C,A,E4,C
Sequence8,0.125,4,,T,A,D4,C
Sequence8,0.125,4,accent,C,L,F#4,D
Sequence8,0.125,4,,T,L,E4,D
Sequence8,0.125,4,,G,L,B3,D
Sequence8,0.125,4,accent,G,E,B3,Eaug
Sequence8,0.125,4,,A,E,E4,Eaug
Sequence8,0.125,4,,G,E,B3,Eaug
Sequence8,0.125,4,accent,C,Q,B4,G#m
Sequence8,0.125,4,,A,Q,G#4,G#m
Sequence8,0.125,4,,G,Q,D4,G#m
Sequence8,0.125,4,accent,G,D,B3,Daug
Sequence8,0.125,4,,A,D,D4,Daug
Sequence8,0.125,4,,C,D,A#4,Daug
Sequence8,0.125,4,accent,A,I,A4,A
Sequence8,0.125,4,,T,I,B3,A
Sequence8,0.125,4,,C,I,C#4,A
Sequence8,0.125,4,accent,A,I,A4,A
Sequence8,0.125,4,,T,I,B3,A
Sequence8,0.125,4,,C,I,C#4,A
Sequence8,0.125,4,accent,G,E,B3,Eaug
Sequence8,0.125,4,,A,E,E4,Eaug
Sequence8,0.125,4,,G,E,B3,Eaug
Sequence8,0.125,4,accent,G,V,D4,G
Sequence8,0.125,4,,T,V,A4,G
Sequence8,0.125,4,,C,V,B3,G
Sequence8,0.125,4,accent,G,D,B3,Daug
Sequence8,0.125,4,,A,D,D4,Daug
Sequence8,0.125,4,,C,D,A#4,Daug
Sequence8,0.125,4,accent,G,A,B3,C
Sequence8,0.125,4,,C,A,E4,C
Sequence8,0.125,4,,C,A,E4,C
Sequence8,0.125,4,accent,G,D,B3,Daug
Sequence8,0.125,4,,A,D,D4,Daug
Sequence8,0.125,4,,C,D,A#4,Daug
Sequence8,0.125,4,accent,A,T,E4,Em
Sequence8,0.125,4,,C,T,G4,Em
Sequence8,0.125,4,,C,T,G4,Em
Sequence8,0.125,4,accent,A,K,B4,Bdim
Sequence8,0.125,4,,A,K,B4,Bdim
Sequence8,0.125,4,,G,K,B-3,Bdim
Sequence8,0.125,4,accent,G,E,B3,Eaug
Sequence8,0.125,4,,A,E,E4,Eaug
Sequence8,0.125,4,,G,E,B3,Eaug
Sequence8,0.125,4,accent,A,M,E4,E
Sequence8,0.125,4,,T,M,F#4,E
Sequence8,0.125,4,,G,M,B3,E
Sequence8,0.125,4,accent,T,L,E4,D
Sequence8,0.125,4,,T,L,E4,D
Sequence8,0.125,4,,G,L,B3,D
Sequence8,0.125,4,accent,A,K,B4,Bdim
Sequence8,0.125,4,,A,K,B4,Bdim
Sequence8,0.125,4,,G,K,B-3,Bdim
Sequence8,0.125,4,accent,C,L,F#4,D
Sequence8,0.125,4,,T,L,E4,D
Sequence8,0.125,4,,T,L,E4,D
Sequence8,0.125,4,accent,C,L,F#4,D
Sequence8,0.125,4,,T,L,E4,D
Sequence8,0.125,4,,G,L,B3,D
Sequence8,0.125,4,accent,G,D,B3,Daug
Sequence8,0.125,4,,A,D,D4,Daug
Sequence8,0.125,4,,C,D,A#4,Daug
Sequence8,0.125,4,accent,T,F,C#4,B
Sequence8,0.125,4,,T,F,C#4,B
Sequence8,0.125,4,,C,F,D#4,B
Sequence8,0.125,4,accent,C,H,G4,C#dim
Sequence8,0.125,4,,A,H,C#4,C#dim
Sequence8,0.125,4,,C,H,G4,C#dim
Sequence8,0.125,4,accent,A,N,C#4,C#m
Sequence8,0.125,4,,A,N,C#4,C#m
Sequence8,0.125,4,,C,N,E4,C#m
Sequence8,0.125,4,accent,A,I,A4,A
Sequence8,0.125,4,,T,I,B3,A
Sequence8,0.125,4,,C,I,C#4,A
Sequence8,0.125,4,accent,C,R,C4,F#dim
Sequence8,0.125,4,,G,R,B3,F#dim
Sequence8,0.125,4,,T,R,A4,F#dim
Sequence8,0.125,4,accent,G,G,D4,A-
Sequence8,0.125,4,,G,G,D4,A-
Sequence8,0.125,4,,C,G,C4,A-
Sequence8,0.125,4,accent,C,L,F#4,D
Sequence8,0.125,4,,T,L,E4,D
Sequence8,0.125,4,,G,L,B3,D
Sequence8,0.125,4,accent,C,Q,B4,G#m
Sequence8,0.125,4,,A,Q,G#4,G#m
Sequence8,0.125,4,,G,Q,D4,G#m
Sequence8,0.125,4,accent,C,L,F#4,D
Sequence8,0.125,4,,T,L,E4,D
Sequence8,0.125,4,,C,L,F#4,D
Sequence8,0.125,4,accent,A,T,E4,Em
Sequence8,0.125,4,,C,T,G4,Em
Sequence8,0.125,4,,C,T,G4,Em
Sequence8,0.125,4,accent,C,Q,B4,G#m
Sequence8,0.125,4,,A,Q,G#4,G#m
Sequence8,0.125,4,,G,Q,D4,G#m
Sequence8,0.125,4,accent,C,P,F4,D-
Sequence8,0.125,4,,C,P,F4,D-
Sequence8,0.125,4,,C,P,F4,D-
Sequence8,0.125,4,accent,A,N,C#4,C#m
Sequence8,0.125,4,,A,N,C#4,C#m
Sequence8,0.125,4,,C,N,E4,C#m
Sequence8,0.125,4,accent,A,T,E4,Em
Sequence8,0.125,4,,C,T,G4,Em
Sequence8,0.125,4,,C,T,G4,Em
Sequence8,0.125,4,accent,A,N,C#4,C#m
Sequence8,0.125,4,,A,N,C#4,C#m
Sequence8,0.125,4,,C,N,E4,C#m
Sequence8,0.125,4,accent,A,N,C#4,C#m
Sequence8,0.125,4,,A,N,C#4,C#m
Sequence8,0.125,4,,C,N,E4,C#m
Sequence8,0.125,4,accent,T,Y,G#4,F#m
Sequence8,0.125,4,,A,Y,F#4,F#m
Sequence8,0.125,4,,T,Y,G#4,F#m
Sequence8,0.125,4,accent,G,G,D4,A-
Sequence8,0.125,4,,G,G,D4,A-
Sequence8,0.125,4,,T,G,B-3,A-
Sequence8,0.125,4,accent,C,R,C4,F#dim
Sequence8,0.125,4,,G,R,B3,F#dim
Sequence8,0.125,4,,T,R,A4,F#dim
Sequence8,0.125,4,accent,C,R,C4,F#dim
Sequence8,0.125,4,,G,R,B3,F#dim
Sequence8,0.125,4,,C,R,C4,F#dim
Sequence8,0.125,4,accent,A,N,C#4,C#m
Sequence8,0.125,4,,A,N,C#4,C#m
Sequence8,0.125,4,,C,N,E4,C#m
Sequence8,0.125,4,accent,T,Stop,,
Sequence8,0.125,4,,A,Stop,,
Sequence8,0.125,4,,A,Stop,,
SequenceX,1.5,4,accent,A,M,E2,E
SequenceX,1.5,4,accent,G,G,A-2,A-
SequenceX,1.5,4,accent,C,R,F#2,F#dim
SequenceX,1.5,4,accent,C,L,D2,D
SequenceX,1.5,4,accent,C,R,F#2,F#dim
SequenceX,1.5,4,accent,C,H,C#2,C#dim
SequenceX,1.5,4,accent,T,S,A2,Am
SequenceX,1.5,4,accent,C,Q,G#2,G#m
SequenceX,1.5,4,accent,G,V,G2,G
SequenceX,1.5,4,accent,C,R,F#2,F#dim
SequenceX,1.5,4,accent,G,G,A-2,A-
SequenceX,1.5,4,accent,A,I,A2,A
SequenceX,1.5,4,accent,T,S,A2,Am
SequenceX,1.5,4,accent,A,I,A2,A
SequenceX,1.5,4,accent,A,K,B2,Bdim
SequenceX,1.5,4,accent,C,L,D2,D
SequenceX,1.5,4,accent,C,Q,G#2,G#m
SequenceX,1.5,4,accent,G,E,E2,Eaug
SequenceX,1.5,4,accent,G,E,E2,Eaug
SequenceX,1.5,4,accent,G,E,E2,Eaug
SequenceX,1.5,4,accent,C,R,F#2,F#dim
SequenceX,1.5,4,accent,G,E,E2,Eaug
SequenceX,1.5,4,accent,C,R,F#2,F#dim
SequenceX,1.5,4,accent,C,R,F#2,F#dim
SequenceX,1.5,4,accent,G,D,D2,Daug
SequenceX,1.5,4,accent,A,N,C#2,C#m
SequenceX,1.5,4,accent,T,Y,F#2,F#m
SequenceX,1.5,4,accent,G,V,G2,G
SequenceX,1.5,4,accent,C,P,D-2,D-
SequenceX,1.5,4,accent,G,A,C2,C
SequenceX,1.5,4,accent,G,V,G2,G
SequenceX,1.5,4,accent,T,S,A2,Am
SequenceX,1.5,4,accent,G,A,C2,C
SequenceX,1.5,4,accent,C,L,D2,D
SequenceX,1.5,4,accent,G,E,E2,Eaug
SequenceX,1.5,4,accent,C,Q,G#2,G#m
SequenceX,1.5,4,accent,G,D,D2,Daug
SequenceX,1.5,4,accent,A,I,A2,A
SequenceX,1.5,4,accent,A,I,A2,A
SequenceX,1.5,4,accent,G,E,E2,Eaug
SequenceX,1.5,4,accent,G,V,G2,G
SequenceX,1.5,4,accent,G,D,D2,Daug
SequenceX,1.5,4,accent,G,A,C2,C
SequenceX,1.5,4,accent,G,D,D2,Daug
SequenceX,1.5,4,accent,A,T,E2,Em
SequenceX,1.5,4,accent,A,K,B2,Bdim
SequenceX,1.5,4,accent,G,E,E2,Eaug
SequenceX,1.5,4,accent,A,M,E2,E
SequenceX,1.5,4,accent,T,L,D2,D
SequenceX,1.5,4,accent,A,K,B2,Bdim
SequenceX,1.5,4,accent,C,L,D2,D
SequenceX,1.5,4,accent,C,L,D2,D
SequenceX,1.5,4,accent,G,D,D2,Daug
SequenceX,1.5,4,accent,T,F,B2,B
SequenceX,1.5,4,accent,C,H,C#2,C#dim
SequenceX,1.5,4,accent,A,N,C#2,C#m
SequenceX,1.5,4,accent,A,I,A2,A
SequenceX,1.5,4,accent,C,R,F#2,F#dim
SequenceX,1.5,4,accent,G,G,A-2,A-
SequenceX,1.5,4,accent,C,L,D2,D
SequenceX,1.5,4,accent,C,Q,G#2,G#m
SequenceX,1.5,4,accent,C,L,D2,D
SequenceX,1.5,4,accent,A,T,E2,Em
SequenceX,1.5,4,accent,A,N,C#2,C#m
SequenceX,1.5,4,accent,C,P,D-2,D-
SequenceX,1.5,4,accent,A,N,C#2,C#m
SequenceX,1.5,4,accent,A,T,E2,Em
SequenceX,1.5,4,accent,A,N,C#2,C#m
SequenceX,1.5,4,accent,A,N,C#2,C#m
SequenceX,1.5,4,accent,T,F,B2,B
SequenceX,1.5,4,accent,G,G,A-2,A-
SequenceX,1.5,4,accent,C,R,F#2,F#dim
SequenceX,1.5,4,accent,C,R,F#2,F#dim
SequenceX,1.5,4,accent,A,N,C#2,C#m
SequenceX,1.5,4,accent,T,Stop,,
